id,ocid,year,month,method,internal_type,region,locality,buyer,suppliers,amount,budget,date,title,description
2199822,ocds-5wno2w-CE-20230002323810-84474,2023,1,direct,Catálogo electrónico - Compra directa,MORONA SANTIAGO,MORONA,CENTRO CLINICO QUIRURGICO AMBULATORIO (HOSPITAL DEL DIA) - MACAS,OFTALVIS S.A.,2244.000000,2244,2023-01-24T00:00:00-05:00,Orden de compra CE-20230002323810,"Orden de compra para adquirir los siguientes productos:  Insulina glargina, Líquido parenteral, 100 UI/mL, Caja x cartucho(s) / pluma(s)"
2198742,ocds-5wno2w-CE-20230002323436-818925,2023,1,direct,Catálogo electrónico - Compra directa,GUAYAS,GUAYAQUIL,HOSPITAL GENERAL DEL NORTE DE GUAYAQUIL LOS CEIBOS,OFTALVIS S.A.,37908.000000,37908,2023-01-23T00:00:00-05:00,Orden de compra CE-20230002323436,"Orden de compra para adquirir los siguientes productos:  Insulina glargina, Líquido parenteral, 100 UI/mL, Caja x vial(es) x 10 mL"
2205481,ocds-5wno2w-CE-20230002326659-818925,2023,1,direct,Catálogo electrónico - Compra directa,GUAYAS,GUAYAQUIL,HOSPITAL GENERAL DEL NORTE DE GUAYAQUIL LOS CEIBOS,OFTALVIS S.A.,12454.200000,12454.2,2023-01-31T00:00:00-05:00,Orden de compra CE-20230002326659,"Orden de compra para adquirir los siguientes productos:  Insulina glargina, Líquido parenteral, 100 UI/mL, Caja x cartucho(s) / pluma(s)"
2204331,ocds-5wno2w-CE-20230002325864-74622,2023,1,direct,Catálogo electrónico - Compra directa,MANABI,MANTA,HOSPITAL GENERAL MANTA,OFTALVIS S.A.,12012.000000,12012,2023-01-30T00:00:00-05:00,Orden de compra CE-20230002325864,"Orden de compra para adquirir los siguientes productos:  Insulina glargina, Líquido parenteral, 100 UI/mL, Caja x vial(es) x 10 mL"
2204141,ocds-5wno2w-CE-20230002325569-2708,2023,1,direct,Catálogo electrónico - Compra directa,LOJA,LOJA,CENTRO CLINICO QUIRURGICO AMBULATORIO HOSPITAL DEL DIA CENTRAL LOJA,OFTALVIS S.A.,7076.080000,7076.08,2023-01-30T00:00:00-05:00,Orden de compra CE-20230002325569,"Orden de compra para adquirir los siguientes productos:  Insulina glargina, Líquido parenteral, 100 UI/mL, Caja x cartucho(s) / pluma(s)"
2204142,ocds-5wno2w-CE-20230002325570-2708,2023,1,direct,Catálogo electrónico - Compra directa,LOJA,LOJA,CENTRO CLINICO QUIRURGICO AMBULATORIO HOSPITAL DEL DIA CENTRAL LOJA,OFTALVIS S.A.,12729.600000,12729.6,2023-01-30T00:00:00-05:00,Orden de compra CE-20230002325570,"Orden de compra para adquirir los siguientes productos:  Insulina glargina, Líquido parenteral, 100 UI/mL, Caja x vial(es) x 10 mL"
2215209,ocds-5wno2w-CE-20230002334519-82169,2023,2,direct,Catálogo electrónico - Compra directa,LOJA,LOJA,HOSPITAL GENERAL MANUEL YGNACIO MONTEROS,OFTALVIS S.A.,17952.000000,17952,2023-02-13T00:00:00-05:00,Orden de compra CE-20230002334519,"Orden de compra para adquirir los siguientes productos:  Insulina glargina, Líquido parenteral, 100 UI/mL, Caja x cartucho(s) / pluma(s)"
2211513,ocds-5wno2w-CE-20230002331145-51587,2023,2,direct,Catálogo electrónico - Compra directa,PICHINCHA,RUMIÑAHUI,CENTRO CLINICO QUIRURGICO AMBULATORIO HOSPITAL DEL DIA SANGOLQUI,OFTALVIS S.A.,6732.000000,6732,2023-02-08T00:00:00-05:00,Orden de compra CE-20230002331145,"Orden de compra para adquirir los siguientes productos:  Insulina glargina, Líquido parenteral, 100 UI/mL, Caja x cartucho(s) / pluma(s)"
2212991,ocds-5wno2w-CE-20230002332410-89917,2023,2,direct,Catálogo electrónico - Compra directa,MANABI,CHONE,IESS HOSPITAL DE CHONE,OFTALVIS S.A.,3744.000000,3744,2023-02-09T00:00:00-05:00,Orden de compra CE-20230002332410,"Orden de compra para adquirir los siguientes productos:  Insulina glargina, Líquido parenteral, 100 UI/mL, Caja x vial(es) x 10 mL"
2209034,ocds-5wno2w-CE-20230002329040-427936,2023,2,direct,Catálogo electrónico - Compra directa,GUAYAS,MILAGRO,MINISTERIO DE SALUD PUBLICA - COORDINACION ZONAL 5,OFTALVIS S.A.,85272.000000,85272,2023-02-03T00:00:00-05:00,Orden de compra CE-20230002329040,"Orden de compra para adquirir los siguientes productos:  Insulina glargina, Líquido parenteral, 100 UI/mL, Caja x cartucho(s) / pluma(s)"
2212991,ocds-5wno2w-CE-20230002332410-89917,2023,2,direct,Catálogo electrónico - Compra directa,MANABI,CHONE,IESS HOSPITAL DE CHONE,OFTALVIS S.A.,3744.000000,3744,2023-02-09T00:00:00-05:00,Orden de compra CE-20230002332410,"Orden de compra para adquirir los siguientes productos:  Insulina glargina, Líquido parenteral, 100 UI/mL, Caja x vial(es) x 10 mL"
2217661,ocds-5wno2w-CE-20230002336327-2825,2023,2,direct,Catálogo electrónico - Compra directa,IMBABURA,OTAVALO,CENTRO DE ESPECIALIDADES OTAVALO,OFTALVIS S.A.,10920.000000,10920,2023-02-15T00:00:00-05:00,Orden de compra CE-20230002336327,"Orden de compra para adquirir los siguientes productos:  Insulina glargina, Líquido parenteral, 100 UI/mL, Caja x vial(es) x 10 mL"
2216791,ocds-5wno2w-CE-20230002335908-479937,2023,2,direct,Catálogo electrónico - Compra directa,MANABI,PORTOVIEJO,COORDINACIÓN ZONAL 4-SALUD,OFTALVIS S.A.,21692.000000,21692,2023-02-14T00:00:00-05:00,Orden de compra CE-20230002335908,"Orden de compra para adquirir los siguientes productos:  Insulina glargina, Líquido parenteral, 100 UI/mL, Caja x cartucho(s) / pluma(s)"
2217794,ocds-5wno2w-CE-20230002336744-80269,2023,2,direct,Catálogo electrónico - Compra directa,MANABI,JIPIJAPA,CENTRO CLINICO QUIRURGICO AMBULATORIO (HOSPITAL DEL DIA)-JIPIJAPA,OFTALVIS S.A.,19032.000000,19032,2023-02-15T00:00:00-05:00,Orden de compra CE-20230002336744,"Orden de compra para adquirir los siguientes productos:  Insulina glargina, Líquido parenteral, 100 UI/mL, Caja x vial(es) x 10 mL"
2217237,ocds-5wno2w-SIE-RE-HGM-011-2023-57617,2023,2,open,Subasta Inversa Electrónica,GUAYAS,MILAGRO,HOSPITAL GENERAL - MILAGRO,JARAMILLO OSPINA KATTY LEONELA,394700.800000,,2023-08-23T00:46:37-05:00,SIE-RE-HGM-011-2023-57617,ADQUISICIÓN DE MEDICAMENTOS NO CATALOGADOS GRUPO A (INSULINA HUMANA  NPH ACCIÓN INTERMEDIA LÍQUIDO PARENTERAL) PROGRAMACIÓN 2023. - ACTA DEL  COMITÉ DE FARMACIA Y TERAPÉUTICA 001-2023
2217797,ocds-5wno2w-CE-20230002336747-80269,2023,2,direct,Catálogo electrónico - Compra directa,MANABI,JIPIJAPA,CENTRO CLINICO QUIRURGICO AMBULATORIO (HOSPITAL DEL DIA)-JIPIJAPA,OFTALVIS S.A.,9163.000000,9163,2023-02-15T00:00:00-05:00,Orden de compra CE-20230002336747,"Orden de compra para adquirir los siguientes productos:  Insulina glargina, Líquido parenteral, 100 UI/mL, Caja x cartucho(s) / pluma(s)"
2217549,ocds-5wno2w-CE-20230002336132-2807,2023,2,direct,Catálogo electrónico - Compra directa,PICHINCHA,QUITO,CENTRO CLINICO QUIRURGICO AMBULATORIO HOSPITAL DEL DÍA CENTRAL QUITO,OFTALVIS S.A.,6507.600000,6507.6,2023-02-14T00:00:00-05:00,Orden de compra CE-20230002336132,"Orden de compra para adquirir los siguientes productos:  Insulina glargina, Líquido parenteral, 100 UI/mL, Caja x cartucho(s) / pluma(s)"
2218975,ocds-5wno2w-CE-20230002337803-2803,2023,2,direct,Catálogo electrónico - Compra directa,PICHINCHA,QUITO,ISSFA,OFTALVIS S.A.,3120.000000,3120,2023-02-16T00:00:00-05:00,Orden de compra CE-20230002337803,"Orden de compra para adquirir los siguientes productos:  Insulina glargina, Líquido parenteral, 100 UI/mL, Caja x vial(es) x 10 mL"
2217550,ocds-5wno2w-CE-20230002336133-2807,2023,2,direct,Catálogo electrónico - Compra directa,PICHINCHA,QUITO,CENTRO CLINICO QUIRURGICO AMBULATORIO HOSPITAL DEL DÍA CENTRAL QUITO,OFTALVIS S.A.,37440.000000,37440,2023-02-14T00:00:00-05:00,Orden de compra CE-20230002336133,"Orden de compra para adquirir los siguientes productos:  Insulina glargina, Líquido parenteral, 100 UI/mL, Caja x vial(es) x 10 mL"
2221264,ocds-5wno2w-CE-20230002340244-440879,2023,2,direct,Catálogo electrónico - Compra directa,CHIMBORAZO,RIOBAMBA,COORDINACION ZONAL 3 - SALUD,OFTALVIS S.A.,17862.000000,17862,2023-02-22T00:00:00-05:00,Orden de compra CE-20230002340244,"Orden de compra para adquirir los siguientes productos:  Insulina glargina, Líquido parenteral, 100 UI/mL, Caja x vial(es) x 10 mL"
2218975,ocds-5wno2w-CE-20230002337803-2803,2023,2,direct,Catálogo electrónico - Compra directa,PICHINCHA,QUITO,ISSFA,OFTALVIS S.A.,3120.000000,3120,2023-02-16T00:00:00-05:00,Orden de compra CE-20230002337803,"Orden de compra para adquirir los siguientes productos:  Insulina glargina, Líquido parenteral, 100 UI/mL, Caja x vial(es) x 10 mL"
2223744,ocds-5wno2w-CE-20230002342685-443199,2023,2,direct,Catálogo electrónico - Compra directa,AZUAY,CUENCA,COORDINACION ZONAL 6 - SALUD,OFTALVIS S.A.,6411.600000,6411.6,2023-02-24T00:00:00-05:00,Orden de compra CE-20230002342685,"Orden de compra para adquirir los siguientes productos:  Insulina glargina, Líquido parenteral, 100 UI/mL, Caja x vial(es) x 10 mL"
2223745,ocds-5wno2w-CE-20230002342686-443199,2023,2,direct,Catálogo electrónico - Compra directa,AZUAY,CUENCA,COORDINACION ZONAL 6 - SALUD,OFTALVIS S.A.,8325.240000,8325.24,2023-02-24T00:00:00-05:00,Orden de compra CE-20230002342686,"Orden de compra para adquirir los siguientes productos:  Insulina glargina, Líquido parenteral, 100 UI/mL, Caja x cartucho(s) / pluma(s)"
2222337,ocds-5wno2w-CE-20230002341150-526842,2023,2,direct,Catálogo electrónico - Compra directa,PICHINCHA,QUITO,COORDINACION ZONAL 9 SALUD,OFTALVIS S.A.,122460.000000,122460,2023-02-23T00:00:00-05:00,Orden de compra CE-20230002341150,"Orden de compra para adquirir los siguientes productos:  Insulina glargina, Líquido parenteral, 100 UI/mL, Caja x vial(es) x 10 mL"
2253956,ocds-5wno2w-CE-20230002371967-54651,2023,3,direct,Catálogo electrónico - Compra directa,PICHINCHA,QUITO,HOSPITAL DE ESPECIALIDADES CARLOS ANDRADE MARIN,OFTALVIS S.A.,2692.800000,2692.8,2023-03-27T00:00:00-05:00,Orden de compra CE-20230002371967,"Orden de compra para adquirir los siguientes productos:  Insulina glargina, Líquido parenteral, 100 UI/mL, Caja x cartucho(s) / pluma(s)"
2239043,ocds-5wno2w-CE-20230002349111-519694,2023,3,direct,Catálogo electrónico - Compra directa,SANTO DOMINGO DE LOS TSACHILAS,SANTO DOMINGO,HOSPITAL GENERAL IESS SANTO DOMINGO,OFTALVIS S.A.,2431.000000,2431,2023-03-03T00:00:00-05:00,Orden de compra CE-20230002349111,"Orden de compra para adquirir los siguientes productos:  Insulina glargina, Líquido parenteral, 100 UI/mL, Caja x cartucho(s) / pluma(s)"
2242175,ocds-5wno2w-CE-20230002353386-413592,2023,3,direct,Catálogo electrónico - Compra directa,GUAYAS,GUAYAQUIL,COORDINACIÓN ZONAL 8 - SALUD,OFTALVIS S.A.,169104.000000,169104,2023-03-09T00:00:00-05:00,Orden de compra CE-20230002353386,"Orden de compra para adquirir los siguientes productos:  Insulina glargina, Líquido parenteral, 100 UI/mL, Caja x vial(es) x 10 mL"
2244716,ocds-5wno2w-CE-20230002357147-102124,2023,3,direct,Catálogo electrónico - Compra directa,LOS RIOS,BABAHOYO,HOSPITAL GENERAL-BABAHOYO,OFTALVIS S.A.,119340.000000,119340,2023-03-13T00:00:00-05:00,Orden de compra CE-20230002357147,"Orden de compra para adquirir los siguientes productos:  Insulina glargina, Líquido parenteral, 100 UI/mL, Caja x vial(es) x 10 mL"
2249455,ocds-5wno2w-CE-20230002364143-748941,2023,3,direct,Catálogo electrónico - Compra directa,PICHINCHA,QUITO,"CENTRO MEDICO FAMILIAR INTEGRAL Y ESPECIALIDADES, DIALISIS LA MARISCAL",OFTALVIS S.A.,16007.200000,16007.2,2023-03-20T00:00:00-05:00,Orden de compra CE-20230002364143,"Orden de compra para adquirir los siguientes productos:  Insulina glargina, Líquido parenteral, 100 UI/mL, Caja x cartucho(s) / pluma(s)"
2238460,ocds-5wno2w-CE-20230002348366-442675,2023,3,direct,Catálogo electrónico - Compra directa,LOJA,LOJA,COORDINACION ZONAL 7-SALUD,OFTALVIS S.A.,15132.000000,15132,2023-03-03T00:00:00-05:00,Orden de compra CE-20230002348366,"Orden de compra para adquirir los siguientes productos:  Insulina glargina, Líquido parenteral, 100 UI/mL, Caja x vial(es) x 10 mL"
2242175,ocds-5wno2w-CE-20230002353386-413592,2023,3,direct,Catálogo electrónico - Compra directa,GUAYAS,GUAYAQUIL,COORDINACIÓN ZONAL 8 - SALUD,OFTALVIS S.A.,169104.000000,169104,2023-03-09T00:00:00-05:00,Orden de compra CE-20230002353386,"Orden de compra para adquirir los siguientes productos:  Insulina glargina, Líquido parenteral, 100 UI/mL, Caja x vial(es) x 10 mL"
2249455,ocds-5wno2w-CE-20230002364143-748941,2023,3,direct,Catálogo electrónico - Compra directa,PICHINCHA,QUITO,"CENTRO MEDICO FAMILIAR INTEGRAL Y ESPECIALIDADES, DIALISIS LA MARISCAL",OFTALVIS S.A.,16007.200000,16007.2,2023-03-20T00:00:00-05:00,Orden de compra CE-20230002364143,"Orden de compra para adquirir los siguientes productos:  Insulina glargina, Líquido parenteral, 100 UI/mL, Caja x cartucho(s) / pluma(s)"
2267552,ocds-5wno2w-CE-20230002395820-8380,2023,4,direct,Catálogo electrónico - Compra directa,CAÑAR,AZOGUES,HOSPITAL HOMERO CASTANIER CRESPO,OFTALVIS S.A.,4188.800000,4188.8,2023-04-24T00:00:00-05:00,Orden de compra CE-20230002395820,"Orden de compra para adquirir los siguientes productos:  Insulina glargina, Líquido parenteral, 100 UI/mL, Caja x cartucho(s) / pluma(s)"
2260435,ocds-5wno2w-CE-20230002382366-43837,2023,4,direct,Catálogo electrónico - Compra directa,CHIMBORAZO,RIOBAMBA,HOSPITAL GERIATRICO DOCTOR BOLIVAR ARGUELLO P,OFTALVIS S.A.,15708.000000,15708,2023-04-06T00:00:00-05:00,Orden de compra CE-20230002382366,"Orden de compra para adquirir los siguientes productos:  Insulina glargina, Líquido parenteral, 100 UI/mL, Caja x cartucho(s) / pluma(s)"
2253956,ocds-5wno2w-CE-20230002371967-54651,2023,3,direct,Catálogo electrónico - Compra directa,PICHINCHA,QUITO,HOSPITAL DE ESPECIALIDADES CARLOS ANDRADE MARIN,OFTALVIS S.A.,2692.800000,2692.8,2023-03-27T00:00:00-05:00,Orden de compra CE-20230002371967,"Orden de compra para adquirir los siguientes productos:  Insulina glargina, Líquido parenteral, 100 UI/mL, Caja x cartucho(s) / pluma(s)"
2253957,ocds-5wno2w-CE-20230002371968-54651,2023,3,direct,Catálogo electrónico - Compra directa,PICHINCHA,QUITO,HOSPITAL DE ESPECIALIDADES CARLOS ANDRADE MARIN,OFTALVIS S.A.,31512.000000,31512,2023-03-27T00:00:00-05:00,Orden de compra CE-20230002371968,"Orden de compra para adquirir los siguientes productos:  Insulina glargina, Líquido parenteral, 100 UI/mL, Caja x vial(es) x 10 mL"
2257366,ocds-5wno2w-CE-20230002377451-899249,2023,3,direct,Catálogo electrónico - Compra directa,GUAYAS,GUAYAQUIL,HOSPITAL GENERAL MONTE SINAI,OFTALVIS S.A.,38376.000000,38376,2023-03-31T00:00:00-05:00,Orden de compra CE-20230002377451,"Orden de compra para adquirir los siguientes productos:  Insulina glargina, Líquido parenteral, 100 UI/mL, Caja x vial(es) x 10 mL"
2259863,ocds-5wno2w-CE-20230002381323-2728,2023,4,direct,Catálogo electrónico - Compra directa,TUNGURAHUA,AMBATO,HOSPITAL DOCENTE DE AMBATO,OFTALVIS S.A.,131040.000000,131040,2023-04-05T00:00:00-05:00,Orden de compra CE-20230002381323,"Orden de compra para adquirir los siguientes productos:  Insulina glargina, Líquido parenteral, 100 UI/mL, Caja x vial(es) x 10 mL"
2268321,ocds-5wno2w-CE-20230002397150-3283,2023,4,direct,Catálogo electrónico - Compra directa,SANTA ELENA,LA LIBERTAD,CENTRO DE ESPECIALIDADES LA LIBERTAD,OFTALVIS S.A.,24684.000000,24684,2023-04-26T00:00:00-05:00,Orden de compra CE-20230002397150,"Orden de compra para adquirir los siguientes productos:  Insulina glargina, Líquido parenteral, 100 UI/mL, Caja x cartucho(s) / pluma(s)"
2267884,ocds-5wno2w-CE-20230002396279-71391,2023,4,direct,Catálogo electrónico - Compra directa,ESMERALDAS,ESMERALDAS,HOSPITAL BÁSICO-ESMERALDAS,OFTALVIS S.A.,7800.000000,7800,2023-04-25T00:00:00-05:00,Orden de compra CE-20230002396279,"Orden de compra para adquirir los siguientes productos:  Insulina glargina, Líquido parenteral, 100 UI/mL, Caja x vial(es) x 10 mL"
2271518,ocds-5wno2w-CE-20230002403725-97105,2023,5,direct,Catálogo electrónico - Compra directa,CAÑAR,AZOGUES,CENTRO CLINICO QUIRURGICO AMBULATORIO HOSPITAL DEL DIA AZOGUES,OFTALVIS S.A.,2842.400000,2842.4,2023-05-05T00:00:00-05:00,Orden de compra CE-20230002403725,"Orden de compra para adquirir los siguientes productos:  Insulina glargina, Líquido parenteral, 100 UI/mL, Caja x cartucho(s) / pluma(s)"
2269218,ocds-5wno2w-CE-20230002398928-12070,2023,4,direct,Catálogo electrónico - Compra directa,AZUAY,CUENCA,HOSPITAL VICENTE CORRAL MOSCOSO,OFTALVIS S.A.,280.800000,280.8,2023-04-27T00:00:00-05:00,Orden de compra CE-20230002398928,"Orden de compra para adquirir los siguientes productos:  Insulina glargina, Líquido parenteral, 100 UI/mL, Caja x vial(es) x 10 mL"
2269219,ocds-5wno2w-CE-20230002398929-12070,2023,4,direct,Catálogo electrónico - Compra directa,AZUAY,CUENCA,HOSPITAL VICENTE CORRAL MOSCOSO,OFTALVIS S.A.,1039.720000,1039.72,2023-04-27T00:00:00-05:00,Orden de compra CE-20230002398929,"Orden de compra para adquirir los siguientes productos:  Insulina glargina, Líquido parenteral, 100 UI/mL, Caja x cartucho(s) / pluma(s)"
2275174,ocds-5wno2w-CE-20230002410142-868544,2023,5,direct,Catálogo electrónico - Compra directa,PICHINCHA,QUITO,HOSPITAL GENERAL DEL SUR DE QUITO,OFTALVIS S.A.,33660.000000,33660,2023-05-18T00:00:00-05:00,Orden de compra CE-20230002410142,"Orden de compra para adquirir los siguientes productos:  Insulina glargina, Líquido parenteral, 100 UI/mL, Caja x cartucho(s) / pluma(s)"
2277371,ocds-5wno2w-CE-20230002414006-2618,2023,5,direct,Catálogo electrónico - Compra directa,ESMERALDAS,ESMERALDAS,HOSPITAL NAVAL DE ESMERALDAS,OFTALVIS S.A.,74.800000,74.8,2023-05-25T00:00:00-05:00,Orden de compra CE-20230002414006,"Orden de compra para adquirir los siguientes productos:  Insulina glargina, Líquido parenteral, 100 UI/mL, Caja x cartucho(s) / pluma(s)"
2257366,ocds-5wno2w-CE-20230002377451-899249,2023,3,direct,Catálogo electrónico - Compra directa,GUAYAS,GUAYAQUIL,HOSPITAL GENERAL MONTE SINAI,OFTALVIS S.A.,38376.000000,38376,2023-03-31T00:00:00-05:00,Orden de compra CE-20230002377451,"Orden de compra para adquirir los siguientes productos:  Insulina glargina, Líquido parenteral, 100 UI/mL, Caja x vial(es) x 10 mL"
2271754,ocds-5wno2w-CE-20230002404141-93666,2023,5,direct,Catálogo electrónico - Compra directa,CARCHI,TULCAN,HOSPITAL GENERALPROVINCIAL LUIS G DAVILA,OFTALVIS S.A.,673.200000,673.2,2023-05-08T00:00:00-05:00,Orden de compra CE-20230002404141,"Orden de compra para adquirir los siguientes productos:  Insulina glargina, Líquido parenteral, 100 UI/mL, Caja x cartucho(s) / pluma(s)"
2278122,ocds-5wno2w-CE-20230002415478-1096812,2023,5,direct,Catálogo electrónico - Compra directa,GUAYAS,DURAN,HOSPITAL GENERAL DR. ENRIQUE ORTEGA MOREIRA,OFTALVIS S.A.,78.000000,78,2023-05-30T00:00:00-05:00,Orden de compra CE-20230002415478,"Orden de compra para adquirir los siguientes productos:  Insulina glargina, Líquido parenteral, 100 UI/mL, Caja x vial(es) x 10 mL"
2288753,ocds-5wno2w-CE-20230002439291-2443,2023,7,direct,Catálogo electrónico - Compra directa,MANABI,PORTOVIEJO,HOSPITAL PROVINCIAL DR VERDI CEVALLOS PORTOVIEJO (MANABI),OFTALVIS S.A.,5236.000000,5236,2023-07-03T00:00:00-05:00,Orden de compra CE-20230002439291,"Orden de compra para adquirir los siguientes productos:  Insulina glargina, Líquido parenteral, 100 UI/mL, Caja x cartucho(s) / pluma(s)"
2284950,ocds-5wno2w-CE-20230002429230-105641,2023,6,direct,Catálogo electrónico - Compra directa,MANABI,JIPIJAPA,HOSPITAL GENERAL JIPIJAPA,OFTALVIS S.A.,3740.000000,3740,2023-06-20T00:00:00-05:00,Orden de compra CE-20230002429230,"Orden de compra para adquirir los siguientes productos:  Insulina glargina, Líquido parenteral, 100 UI/mL, Caja x cartucho(s) / pluma(s)"
2275174,ocds-5wno2w-CE-20230002410142-868544,2023,5,direct,Catálogo electrónico - Compra directa,PICHINCHA,QUITO,HOSPITAL GENERAL DEL SUR DE QUITO,OFTALVIS S.A.,33660.000000,33660,2023-05-18T00:00:00-05:00,Orden de compra CE-20230002410142,"Orden de compra para adquirir los siguientes productos:  Insulina glargina, Líquido parenteral, 100 UI/mL, Caja x cartucho(s) / pluma(s)"
2284950,ocds-5wno2w-CE-20230002429230-105641,2023,6,direct,Catálogo electrónico - Compra directa,MANABI,JIPIJAPA,HOSPITAL GENERAL JIPIJAPA,OFTALVIS S.A.,3740.000000,3740,2023-06-20T00:00:00-05:00,Orden de compra CE-20230002429230,"Orden de compra para adquirir los siguientes productos:  Insulina glargina, Líquido parenteral, 100 UI/mL, Caja x cartucho(s) / pluma(s)"
2290204,ocds-5wno2w-CE-20230002443078-10269,2023,7,direct,Catálogo electrónico - Compra directa,MANABI,MANTA,HOSPITAL RODRIGUEZ ZAMBRANO MANTA,OFTALVIS S.A.,28080.000000,28080,2023-07-08T00:00:00-05:00,Orden de compra CE-20230002443078,"Orden de compra para adquirir los siguientes productos:  Insulina glargina, Líquido parenteral, 100 UI/mL, Caja x vial(es) x 10 mL"
2288753,ocds-5wno2w-CE-20230002439291-2443,2023,7,direct,Catálogo electrónico - Compra directa,MANABI,PORTOVIEJO,HOSPITAL PROVINCIAL DR VERDI CEVALLOS PORTOVIEJO (MANABI),OFTALVIS S.A.,5236.000000,5236,2023-07-03T00:00:00-05:00,Orden de compra CE-20230002439291,"Orden de compra para adquirir los siguientes productos:  Insulina glargina, Líquido parenteral, 100 UI/mL, Caja x cartucho(s) / pluma(s)"
2292996,ocds-5wno2w-CE-20230002449150-9220,2023,7,direct,Catálogo electrónico - Compra directa,GUAYAS,MILAGRO,HOSPITAL GENERAL LEON BECERRA,OFTALVIS S.A.,5304.000000,5304,2023-07-17T00:00:00-05:00,Orden de compra CE-20230002449150,"Orden de compra para adquirir los siguientes productos:  Insulina glargina, Líquido parenteral, 100 UI/mL, Caja x vial(es) x 10 mL"
2290645,ocds-5wno2w-CE-20230002444430-2711,2023,7,direct,Catálogo electrónico - Compra directa,PASTAZA,PASTAZA,HOSPITAL GENERAL PUYO,OFTALVIS S.A.,10846.000000,10846,2023-07-11T00:00:00-05:00,Orden de compra CE-20230002444430,"Orden de compra para adquirir los siguientes productos:  Insulina glargina, Líquido parenteral, 100 UI/mL, Caja x cartucho(s) / pluma(s)"
2295782,ocds-5wno2w-CE-20230002458700-10269,2023,7,direct,Catálogo electrónico - Compra directa,MANABI,MANTA,HOSPITAL RODRIGUEZ ZAMBRANO MANTA,OFTALVIS S.A.,24960.000000,24960,2023-07-27T00:00:00-05:00,Orden de compra CE-20230002458700,"Orden de compra para adquirir los siguientes productos:  Insulina glargina, Líquido parenteral, 100 UI/mL, Caja x vial(es) x 10 mL"
2295188,ocds-5wno2w-CE-20230002456033-594674,2023,7,direct,Catálogo electrónico - Compra directa,PICHINCHA,QUITO,HOSPITAL GENERAL DOCENTE DE CALDERON,OFTALVIS S.A.,14571.040000,14571.04,2023-07-25T00:00:00-05:00,Orden de compra CE-20230002456033,"Orden de compra para adquirir los siguientes productos:  Insulina glargina, Líquido parenteral, 100 UI/mL, Caja x cartucho(s) / pluma(s)"
2297554,ocds-5wno2w-CE-20230002466567-8380,2023,8,direct,Catálogo electrónico - Compra directa,CAÑAR,AZOGUES,HOSPITAL HOMERO CASTANIER CRESPO,OFTALVIS S.A.,5236.000000,5236,2023-08-08T00:00:00-05:00,Orden de compra CE-20230002466567,"Orden de compra para adquirir los siguientes productos:  Insulina glargina, Líquido parenteral, 100 UI/mL, Caja x cartucho(s) / pluma(s)"
2303634,ocds-5wno2w-SIE-HGSF-009-23-390394,2023,3,open,Subasta Inversa Electrónica,PICHINCHA,QUITO,HOSPITAL SAN FRANCISCO DE QUITO,LETERAGO DEL ECUADOR S.A,42623.110000,,2023-03-27T00:00:00-05:00,SIE-HGSF-009-23-390394,ADQUISICIÓN DE INSULINA HUMANA NPH (ACCIÓN INTERMEDIA) LIQUIDO PARENTERAL DE 100 UI/ML - FRASCO X 10 ML PARA EL HOSPITAL GENERAL SAN FRANCISCO
2301466,ocds-5wno2w-RE-PUF-HJCA-55-2023-87497,2023,3,direct,Bienes y Servicios únicos,AZUAY,CUENCA,HOSPITAL DE ESPECIALIDADES JOSÉ CARRASCO ARTEAGA,MEDICAMENTA ECUATORIANA S.A.,16224.000000,16224,2023-03-10T00:00:00-05:00,RE-PUF-HJCA-55-2023-87497,ADQUISICIÓN DE INSULINA ULTRARÁPIDA LISPRO LIQUIDO PARENTERAL PLUMAS/CARTUCHOS 100UI/ML
2303634,ocds-5wno2w-SIE-HGSF-009-23-390394,2023,3,open,Subasta Inversa Electrónica,PICHINCHA,QUITO,HOSPITAL SAN FRANCISCO DE QUITO,LETERAGO DEL ECUADOR S.A,42623.110000,,2023-03-27T00:00:00-05:00,SIE-HGSF-009-23-390394,ADQUISICIÓN DE INSULINA HUMANA NPH (ACCIÓN INTERMEDIA) LIQUIDO PARENTERAL DE 100 UI/ML - FRASCO X 10 ML PARA EL HOSPITAL GENERAL SAN FRANCISCO
2218476,ocds-5wno2w-SIE-DD0924-005-2023-116204,2023,2,open,Subasta Inversa Electrónica,GUAYAS,DURAN,DIRECCION DISTRITAL 09D24 - DURAN - SALUD,REVELO MENDOZA JENNIFER SAMANTA,277210.000000,,2023-08-22T17:10:21-05:00,SIE-DD0924-005-2023-116204,"ADQUISICIÓN DE MEDICAMENTOS CORREPONDIENTES AL GRUPO TERAPEUTICO G SISTEMA GENITO URINARIO Y HORMONAS SEXUALES, H PREPARACIONES HORMONALES SISTÉMICAS, EXCLUYE HORMONAS SEXUALES E INSULINAS Y J ANTIINFECCIOSOS PARA USO SISTÉMICO"
2223025,ocds-5wno2w-SIE-RE-HDC-004-2023-2804,2023,2,open,Subasta Inversa Electrónica,PICHINCHA,QUITO,CENTRO CLINICO QUIRURGICO AMBULATORIO HOSPITAL DEL DIA COTOCOLLAO,,50947.700000,,2023-10-07T12:38:27-05:00,SIE-RE-HDC-004-2023-2804,ADQUISICIÓN DE INSULINA HUMANA NPH (ACCION INTERMEDIA) LIQUIDO PARENTERAL 100 UI/ML FRASCO X10ML PARA EL C.C.Q.A.H.D. COTOCOLLAO
2304333,ocds-5wno2w-SIE-RE-HGNGC-016-23-818925,2023,3,open,Subasta Inversa Electrónica,GUAYAS,GUAYAQUIL,HOSPITAL GENERAL DEL NORTE DE GUAYAQUIL LOS CEIBOS,LETERAGO DEL ECUADOR S.A,113232.800000,,2023-03-20T00:00:00-05:00,SIE-RE-HGNGC-016-23-818925,ADQUISICION DE MEDICAMENTOS GRUPO A: INSULINA HUMANA NPH(ACCIÓN INTERMEDIA) LIQUIDO PARENTERAL PARA EL HOSPITAL GENERAL DEL NORTE DE GUAYAQUIL LOS CEIBOS
2304424,ocds-5wno2w-SIE-RE-HPGDR-32-2023-14393,2023,4,open,Subasta Inversa Electrónica,CHIMBORAZO,RIOBAMBA,HOSPITAL PROVINCIAL GENERAL DOCENTE RIOBAMBA,LETERAGO DEL ECUADOR S.A,12771.000000,,2023-04-14T00:00:00-05:00,SIE-RE-HPGDR-32-2023-14393,ADQUISICIÓN DE LOS MEDICAMENTOS DEL “GRUPO TERAPEÚTICO A: Insulina humana (acción rápida) Líquido parenteral 100 UI/mL – 10 mL e Insulina humana NPH (acción intermedia) Líquido parenteral 100 UI/mL –  10 mL”
2304360,ocds-5wno2w-SIE-RE-HGQ-009-2023-782624,2023,3,open,Subasta Inversa Electrónica,LOS RIOS,QUEVEDO,HOSPITAL GENERAL QUEVEDO,LETERAGO DEL ECUADOR S.A,75484.590000,,2023-11-16T13:31:53-05:00,SIE-RE-HGQ-009-2023-782624,ADQUISICIÓN DEL MEDICAMENTO NO CATALOGADO INSULINA HUMANA NPH (ACCION INTERMEDIA) PARA EL HOSPITAL GENERAL QUEVEDO
2221885,ocds-5wno2w-SIE-RE-HFIB-05-2023-29399,2023,2,open,Subasta Inversa Electrónica,GUAYAS,GUAYAQUIL,HOSPITAL DEL NIÑO FY,,166114.350000,,2023-08-22T17:22:13-05:00,SIE-RE-HFIB-05-2023-29399,"ADQUISICION DE MEDICAMENTO MEDICAMENTOS DEL GRUPO H PREPARACIONES HORMONALES SISTÉMICAS, EXCLUYE HORMONAS SEXUALES E INSULINAS PARA EL HOSPITAL DEL NIÑO DR. FRANCISCO DE ICAZA BUSTAMANTE 2023."
2304457,ocds-5wno2w-SIE-RE-MSP-001-2023-2455,2023,3,open,Subasta Inversa Electrónica,PICHINCHA,QUITO,MINISTERIO DE SALUD PUBLICA MATRIZ,,279055.000000,,2023-10-25T13:02:17-05:00,SIE-RE-MSP-001-2023-2455,ADQUISICIÓN DE INSULINA HUMANA NPH (ACCIÓN INTERMEDIA) LÍQUIDO PARENTERAL 100 UI/mL CAJA X VIAL(ES) x 10 mL
2312680,ocds-5wno2w-SIE-CSBQ-005-2023-467876,2023,7,open,Subasta Inversa Electrónica,ESMERALDAS,QUININDE,CENTRO DE SALUD B QUININDE,RONQUILLO MURRIETA FERNANDO EDUARDO,23042.400000,,2023-07-11T00:00:00-05:00,SIE-CSBQ-005-2023-467876,ADQUISICIÓN DE INSULINA HUMANA (ACCIÓN RÁPIDA) E INSULINA HUMANA NPH (ACCIÓN INTERMEDIA) MEDIANTE PROGRAMACIÓN DE MEDICAMENTOS 2023 PARA EL CENTRO DE SALUD B QUININDÉ
2311378,ocds-5wno2w-SIE-05D03-012-2023-60164,2023,5,open,Subasta Inversa Electrónica,COTOPAXI,PANGUA,DIRECCION DISTRITAL 05D03-PANGUA-SALUD,LABORATORIOS ROCNARF S.A.,21810.000000,,2023-05-04T00:00:00-05:00,SIE-05D03-012-2023-60164,ADQUISICIÓN MEDIANTE SUBASTA INVERSA ELECTRONICA DE VARIOS MEDICAMENTOS NO  CATALOGADOS DEL GRUPO D “DERMATOLÓGICOS” GRUPO G “SISTEMA GENITO-URINARIO Y HORMONAS SEXUALES” GRUPO H “PREPARADOS  HORMONALES SISTÉMICOS EXCLUYE HORMONAS SEXUALES E INSULINAS” GRUPO S “ÓRGANOS DE LOS SENTIDOS” PARA LA DIRECCIÓN  DISTRITAL 05D03 PANGUA LA MANÁ SALUD
2312021,ocds-5wno2w-SIE-CCQASV-010-2023-2758,2023,4,open,Subasta Inversa Electrónica,GUAYAS,GUAYAQUIL,CENTRO CLINICO QUIRURGICO AMBULATORIO HOSPITAL DEL DIA SUR VALDIVIA,,,,2023-04-05T00:00:00-05:00,SIE-CCQASV-010-2023-2758,"Adquisición de medicamentos pertenecientes al grupo H Preparados Hormonales Sistémicos Excluye Hormonas Sexuales e Insulinas, aprobados en programación 2023 para el abastecimiento del C.C.Q.A H. Día Sur Valdivia"
2312015,ocds-5wno2w-SIE-CCQAHNT-025-2023-2820,2023,6,open,Subasta Inversa Electrónica,GUAYAS,GUAYAQUIL,CENTRO CLINICO QUIRURGICO AMBULATORIO HOSPITAL DEL DIA NORTE-TARQUI,DE LUCAS CAMPI LUIS ALAIN,221189.630000,,2024-03-19T09:03:40-05:00,SIE-CCQAHNT-025-2023-2820,"ADQUISICIÓN DE MEDICAMENTOS NO CATALOGADOS PERTENECIENTES A LA PROGRAMACIÓN APROBADA 2023 GRUPO A1 (MEDICAMENTOS PARA REDUCIR LA GLUCOSA EN SANGRE, EXCLUYE INSULINAS,SUPLEMENTOS MINERALES,MULTIVITAMINAS, COMBINACIONES, MEDICAMENTOS PARA TRASTORNOS GASTROINTESTINALES FUNCIONALES,MEDICAMENTOS PARA EL ESTREÑIMIENTO Y OTROS SUPLEMENTOS MINERALES ) PARA EL CCQAHD NORTE TARQUI"
2312474,ocds-5wno2w-SIE-CMFIEDM-023-2023-748941,2023,4,open,Subasta Inversa Electrónica,PICHINCHA,QUITO,"CENTRO MEDICO FAMILIAR INTEGRAL Y ESPECIALIDADES, DIALISIS LA MARISCAL",LETERAGO DEL ECUADOR S.A,54391.520000,,2024-11-18T15:43:35-05:00,SIE-CMFIEDM-023-2023-748941,Insulina Humana NPH (Acción Intermedia) Líquido Parenteral 100 UI/ml; caja x vial(es) x 10ml
2313174,ocds-5wno2w-SIE-DD17D11-010-2023-130407,2023,4,open,Subasta Inversa Electrónica,PICHINCHA,RUMIÑAHUI,DIRECCION DISTRITAL 17D11-MEJIA-RUMIÑAHUI-SALUD,LETERAGO DEL ECUADOR S.A,21048.500000,,2024-01-23T23:24:33-05:00,SIE-DD17D11-010-2023-130407,ADQUISICIÓN DE MEDICAMENTO “Insulina humana NPH (acción intermedia) Líquido parenteral 100 UI/mL Caja x vial(es) x 10 mL” PARA ESTABLECIMIENTOS DE SALUD DE LA DIRECCIÓN DISTRITAL 17D11 MEJÍA RUMIÑAHUI SALUD
2224230,ocds-5wno2w-SIE-DDS18D04-06-2023-2733,2023,2,open,Subasta Inversa Electrónica,TUNGURAHUA,SAN PEDRO DE PELILEO,DIRECCION DISTRITAL 18D04-PATATE-SANPEDRO DE PELILEO-SALUD,LETERAGO DEL ECUADOR S.A,17680.480000,,2023-08-23T00:24:40-05:00,SIE-DDS18D04-06-2023-2733,ADQUIRIR NC. MEDICAMENTOS NO CATALOGADOS INSULINA HUMANA NPH ACCION INTERMEDIA LIQUIDO PARENTERAL 100 UI ML PARA EL DISTRITO 18D04 PATATE - SAN PEDRO DE PELILEO
2304457,ocds-5wno2w-SIE-RE-MSP-001-2023-2455,2023,3,open,Subasta Inversa Electrónica,PICHINCHA,QUITO,MINISTERIO DE SALUD PUBLICA MATRIZ,,279055.000000,,2023-10-25T13:02:17-05:00,SIE-RE-MSP-001-2023-2455,ADQUISICIÓN DE INSULINA HUMANA NPH (ACCIÓN INTERMEDIA) LÍQUIDO PARENTERAL 100 UI/mL CAJA X VIAL(ES) x 10 mL
2315529,ocds-5wno2w-SIE-HAIAM-012-2023-67972,2023,4,open,Subasta Inversa Electrónica,PICHINCHA,QUITO,HOSPITAL DE ATENCION INTEGRAL DEL ADULTO MAYOR,LETERAGO DEL ECUADOR S.A,29359.390000,,2024-07-06T09:18:09-05:00,SIE-HAIAM-012-2023-67972,ADQUISICIÓN DE CNMB INSULINA HUMANA NPH (ACCION INTERMEDIA) 100 UI/ML SUSPENSION INYECTABLE FRASCO X 10 ML PARA PACIENTES DE HOSPITAL DE ATENCIÓN INTEGRAL DEL ADULTO MAYOR
2315499,ocds-5wno2w-SIE-HAGP-062-2023-17993,2023,4,open,Subasta Inversa Electrónica,GUAYAS,GUAYAQUIL,Hospital Guayaquil Abel Gilbert Ponton,LETERAGO DEL ECUADOR S.A,250896.000000,,2024-02-01T07:04:31-05:00,SIE-HAGP-062-2023-17993,"ADQUISICIÓN DE INSULINA HUMANA (ACCIÓN RÁPIDA) LÍQUIDO PARENTERAL 100 UI/ML CAJA X VIAL(ES) X 10 ML, INSULINA HUMANA NPH (ACCIÓN INTERMEDIA) LÍQUIDO PARENTERAL 100 UI/ML CAJA X VIAL(ES) X 10 ML PARA EL HOSPITAL DE ESPECIALIDADES GUAYAQUIL “DR. ABEL GILBERT PONTÓN“"
2312680,ocds-5wno2w-SIE-CSBQ-005-2023-467876,2023,7,open,Subasta Inversa Electrónica,ESMERALDAS,QUININDE,CENTRO DE SALUD B QUININDE,RONQUILLO MURRIETA FERNANDO EDUARDO,23042.400000,,2023-07-11T00:00:00-05:00,SIE-CSBQ-005-2023-467876,ADQUISICIÓN DE INSULINA HUMANA (ACCIÓN RÁPIDA) E INSULINA HUMANA NPH (ACCIÓN INTERMEDIA) MEDIANTE PROGRAMACIÓN DE MEDICAMENTOS 2023 PARA EL CENTRO DE SALUD B QUININDÉ
2317183,ocds-5wno2w-SIE-IESSHBE-008-2023-71391,2023,5,open,Subasta Inversa Electrónica,ESMERALDAS,ESMERALDAS,HOSPITAL BÁSICO-ESMERALDAS,LETERAGO DEL ECUADOR S.A,50942.100000,,2024-01-31T07:05:20-05:00,SIE-IESSHBE-008-2023-71391,ADQUISICIÓN DE INSULINA DE ACCION INTERMEDIA PARA EL ABASTECIMIENTO DEL HOSPITAL BÁSICO ESMERALDAS 2023
2318285,ocds-5wno2w-SIE-RE-HGPO-017-2023-60531,2023,5,open,Subasta Inversa Electrónica,MANABI,PORTOVIEJO,HOSPITAL GENERAL - PORTOVIEJO,RONQUILLO MURRIETA FERNANDO EDUARDO,108787.700000,,2024-11-25T15:57:28-05:00,SIE-RE-HGPO-017-2023-60531,"MEDICAMENTOS S2 (Sistema Nervioso, Antiinfecciosos De Uso Sistémico; Preparaciones hormonales sistémicas, excluye hormonas sexuales e insulinas, Sangre Y Órganos Formadores De La Sangre) PARA EL HOSPITAL GENERAL PORTOVIEJO"
2317932,ocds-5wno2w-SIE-RE-HCAM-091-2023-54651,2023,7,open,Subasta Inversa Electrónica,PICHINCHA,QUITO,HOSPITAL DE ESPECIALIDADES CARLOS ANDRADE MARIN,,,,2023-07-05T00:00:00-05:00,SIE-RE-HCAM-091-2023-54651,ADQUISICION DE LOS MEDICAMENTOS: INSULINA HUMANA NPH (ACCION INTERMEDIA) LIQUIDO PARENTERAL 100 UI/ML FRASCO X 10 ML PARA LA UNIDAD TECNICA DE FARMACIA HOSPITALARIA
2318213,ocds-5wno2w-SIE-RE-HGNGC-086-23-818925,2023,8,,,GUAYAS,GUAYAQUIL,HOSPITAL GENERAL DEL NORTE DE GUAYAQUIL LOS CEIBOS,,,,2023-08-17T00:00:00-05:00,,
2318353,ocds-5wno2w-SIE-RE-HPGDR-60-2023-14393,2023,7,open,Subasta Inversa Electrónica,CHIMBORAZO,RIOBAMBA,HOSPITAL PROVINCIAL GENERAL DOCENTE RIOBAMBA,LETERAGO DEL ECUADOR S.A,6240.000000,,2023-11-21T14:23:42-05:00,SIE-RE-HPGDR-60-2023-14393,“ADQUISICIÓN DEL MEDICAMENTO INSULINA HUMANA NPH (ACCIÓN INTERMEDIA LÍQUIDO PARENTERAL 100 UI/mL  PARA EL HOSPITAL PROVINCIAL GENERAL DOCENTE RIOBAMBA”
2316831,ocds-5wno2w-SIE-HPDA-055-2023-2728,2023,4,open,Subasta Inversa Electrónica,TUNGURAHUA,AMBATO,HOSPITAL DOCENTE DE AMBATO,LETERAGO DEL ECUADOR S.A,3744.000000,,2023-04-24T00:00:00-05:00,SIE-HPDA-055-2023-2728,"“ADQUISICIÓN DEL MEDICAMENTO INSULINA HUMANA (ACCIÓN RÁPIDA) LIQUIDO PARENTERAL 100UI/ML CAJA X VIALES X 10ML, PARA LA FARMACIA DEL HOSPITAL GENERAL DOCENTE AMBATO”"
2318397,ocds-5wno2w-SIE-RE-HTMC-019-2023-2810,2023,5,open,Subasta Inversa Electrónica,GUAYAS,GUAYAQUIL,HOSPITAL DE ESPECIALIDADES - TEODORO MALDONADO CARBO,LETERAGO DEL ECUADOR S.A,10694.530000,,2024-06-25T21:02:06-05:00,SIE-RE-HTMC-019-2023-2810,ADQUISICIÓN DE MEDICAMENTOS PLAN ANUAL DE CONTRATACION 2023 - INSULINA HUMANA (ACCION RAPIDA) LIQUIDO PARENTERAL 100 UI ML FRASCO X 10 ML
2224230,ocds-5wno2w-SIE-DDS18D04-06-2023-2733,2023,2,open,Subasta Inversa Electrónica,TUNGURAHUA,SAN PEDRO DE PELILEO,DIRECCION DISTRITAL 18D04-PATATE-SANPEDRO DE PELILEO-SALUD,LETERAGO DEL ECUADOR S.A,17680.480000,,2023-08-23T00:24:40-05:00,SIE-DDS18D04-06-2023-2733,ADQUIRIR NC. MEDICAMENTOS NO CATALOGADOS INSULINA HUMANA NPH ACCION INTERMEDIA LIQUIDO PARENTERAL 100 UI ML PARA EL DISTRITO 18D04 PATATE - SAN PEDRO DE PELILEO
2315499,ocds-5wno2w-SIE-HAGP-062-2023-17993,2023,4,open,Subasta Inversa Electrónica,GUAYAS,GUAYAQUIL,Hospital Guayaquil Abel Gilbert Ponton,LETERAGO DEL ECUADOR S.A,250896.000000,,2024-02-01T07:04:31-05:00,SIE-HAGP-062-2023-17993,"ADQUISICIÓN DE INSULINA HUMANA (ACCIÓN RÁPIDA) LÍQUIDO PARENTERAL 100 UI/ML CAJA X VIAL(ES) X 10 ML, INSULINA HUMANA NPH (ACCIÓN INTERMEDIA) LÍQUIDO PARENTERAL 100 UI/ML CAJA X VIAL(ES) X 10 ML PARA EL HOSPITAL DE ESPECIALIDADES GUAYAQUIL “DR. ABEL GILBERT PONTÓN“"
2318065,ocds-5wno2w-SIE-RE-HEJCA-F138-23-87497,2023,8,,,AZUAY,CUENCA,HOSPITAL DE ESPECIALIDADES JOSÉ CARRASCO ARTEAGA,,,,2023-08-18T00:00:00-05:00,,
2318397,ocds-5wno2w-SIE-RE-HTMC-019-2023-2810,2023,5,open,Subasta Inversa Electrónica,GUAYAS,GUAYAQUIL,HOSPITAL DE ESPECIALIDADES - TEODORO MALDONADO CARBO,LETERAGO DEL ECUADOR S.A,10694.530000,,2024-06-25T21:02:06-05:00,SIE-RE-HTMC-019-2023-2810,ADQUISICIÓN DE MEDICAMENTOS PLAN ANUAL DE CONTRATACION 2023 - INSULINA HUMANA (ACCION RAPIDA) LIQUIDO PARENTERAL 100 UI ML FRASCO X 10 ML
2318285,ocds-5wno2w-SIE-RE-HGPO-017-2023-60531,2023,5,open,Subasta Inversa Electrónica,MANABI,PORTOVIEJO,HOSPITAL GENERAL - PORTOVIEJO,RONQUILLO MURRIETA FERNANDO EDUARDO,108787.700000,,2024-11-25T15:57:28-05:00,SIE-RE-HGPO-017-2023-60531,"MEDICAMENTOS S2 (Sistema Nervioso, Antiinfecciosos De Uso Sistémico; Preparaciones hormonales sistémicas, excluye hormonas sexuales e insulinas, Sangre Y Órganos Formadores De La Sangre) PARA EL HOSPITAL GENERAL PORTOVIEJO"
2323190,ocds-5wno2w-CE-20230002478893-87497,2023,8,direct,Catálogo electrónico - Compra directa,AZUAY,CUENCA,HOSPITAL DE ESPECIALIDADES JOSÉ CARRASCO ARTEAGA,OFTALVIS S.A.,11220.000000,11220,2023-08-30T00:00:00-05:00,Orden de compra CE-20230002478893,"Orden de compra para adquirir los siguientes productos:  Insulina glargina, Líquido parenteral, 100 UI/mL, Caja x cartucho(s) / pluma(s)"
2323002,ocds-5wno2w-CE-20230002477495-2808,2023,8,direct,Catálogo electrónico - Compra directa,PICHINCHA,QUITO,CENTRO CLINICO QUIRURGICO AMBULATORIO HOSPITAL DEL DIA EL BATAN,OFTALVIS S.A.,23400.000000,23400,2023-08-29T00:00:00-05:00,Orden de compra CE-20230002477495,"Orden de compra para adquirir los siguientes productos:  Insulina glargina, Líquido parenteral, 100 UI/mL, Caja x vial(es) x 10 mL"
2316709,ocds-5wno2w-SIE-HLGD-020-2023-93666,2023,4,open,Subasta Inversa Electrónica,CARCHI,TULCAN,HOSPITAL GENERALPROVINCIAL LUIS G DAVILA,,46496.610000,,2023-08-23T19:33:56-05:00,SIE-HLGD-020-2023-93666,“ADQUISICIÓN DE INSULINA DE ACCIÓN INTERMEDIA E INSULINA DE ACCIÓN RÁPIDA PARA EL HOSPITAL GENERAL LUIS G. DÁVILA”
2327803,ocds-5wno2w-SIE-HGISD-033-2023-519694,2023,8,,,SANTO DOMINGO DE LOS TSACHILAS,SANTO DOMINGO,HOSPITAL GENERAL IESS SANTO DOMINGO,,,,2023-08-31T00:00:00-05:00,,
2327914,ocds-5wno2w-SIE-RE-CECC-014-2023-77933,2023,9,open,Subasta Inversa Electrónica,AZUAY,CUENCA,CENTRO DE ESPECIALIDADES CENTRAL CUENCA,,32696.000000,,2023-11-22T13:19:33-05:00,SIE-RE-CECC-014-2023-77933,ADQUISICION DE INSULINA HUMANA NPH ACCION INTERMEDIA LIQUIDO PARENTERAL 100 UI ML FRASCO POR 10 ML
2334854,ocds-5wno2w-CE-20230002487320-89917,2023,9,direct,Catálogo electrónico - Compra directa,MANABI,CHONE,IESS HOSPITAL DE CHONE,OFTALVIS S.A.,1497.600000,1497.6,2023-09-14T00:00:00-05:00,Orden de compra CE-20230002487320,"Orden de compra para adquirir los siguientes productos:  Insulina glargina, Líquido parenteral, 100 UI/mL, Caja x vial(es) x 10 mL"
2326744,ocds-5wno2w-CE-20230002480571-18615,2023,9,direct,Catálogo electrónico - Compra directa,SUCUMBIOS,LAGO AGRIO,HOSPITAL GENERAL MARCO VINICIO IZA,OFTALVIS S.A.,1346.400000,1346.4,2023-09-01T00:00:00-05:00,Orden de compra CE-20230002480571,"Orden de compra para adquirir los siguientes productos:  Insulina glargina, Líquido parenteral, 100 UI/mL, Caja x cartucho(s) / pluma(s)"
2333554,ocds-5wno2w-CE-20230002481267-51587,2023,9,direct,Catálogo electrónico - Compra directa,PICHINCHA,RUMIÑAHUI,CENTRO CLINICO QUIRURGICO AMBULATORIO HOSPITAL DEL DIA SANGOLQUI,OFTALVIS S.A.,5610.000000,5610,2023-09-04T00:00:00-05:00,Orden de compra CE-20230002481267,"Orden de compra para adquirir los siguientes productos:  Insulina glargina, Líquido parenteral, 100 UI/mL, Caja x cartucho(s) / pluma(s)"
2341219,ocds-5wno2w-SIE-RE-HG-IB-2023-52-3260,2023,9,,,IMBABURA,IBARRA,HOSPITAL GENERAL IBARRA,,,,2023-09-14T00:00:00-05:00,,
2323190,ocds-5wno2w-CE-20230002478893-87497,2023,8,direct,Catálogo electrónico - Compra directa,AZUAY,CUENCA,HOSPITAL DE ESPECIALIDADES JOSÉ CARRASCO ARTEAGA,OFTALVIS S.A.,11220.000000,11220,2023-08-30T00:00:00-05:00,Orden de compra CE-20230002478893,"Orden de compra para adquirir los siguientes productos:  Insulina glargina, Líquido parenteral, 100 UI/mL, Caja x cartucho(s) / pluma(s)"
2327914,ocds-5wno2w-SIE-RE-CECC-014-2023-77933,2023,9,open,Subasta Inversa Electrónica,AZUAY,CUENCA,CENTRO DE ESPECIALIDADES CENTRAL CUENCA,,32696.000000,,2023-11-22T13:19:33-05:00,SIE-RE-CECC-014-2023-77933,ADQUISICION DE INSULINA HUMANA NPH ACCION INTERMEDIA LIQUIDO PARENTERAL 100 UI ML FRASCO POR 10 ML
2327803,ocds-5wno2w-SIE-HGISD-033-2023-519694,2023,8,,,SANTO DOMINGO DE LOS TSACHILAS,SANTO DOMINGO,HOSPITAL GENERAL IESS SANTO DOMINGO,,,,2023-08-31T00:00:00-05:00,,
2333554,ocds-5wno2w-CE-20230002481267-51587,2023,9,direct,Catálogo electrónico - Compra directa,PICHINCHA,RUMIÑAHUI,CENTRO CLINICO QUIRURGICO AMBULATORIO HOSPITAL DEL DIA SANGOLQUI,OFTALVIS S.A.,5610.000000,5610,2023-09-04T00:00:00-05:00,Orden de compra CE-20230002481267,"Orden de compra para adquirir los siguientes productos:  Insulina glargina, Líquido parenteral, 100 UI/mL, Caja x cartucho(s) / pluma(s)"
2335476,ocds-5wno2w-CE-20230002490214-2703,2023,9,direct,Catálogo electrónico - Compra directa,MANABI,CHONE,HOSPITAL GENERAL DR. NAPOLEON DÁVILA CÓRDOVA,OFTALVIS S.A.,9360.000000,9360,2023-09-19T00:00:00-05:00,Orden de compra CE-20230002490214,"Orden de compra para adquirir los siguientes productos:  Insulina glargina, Líquido parenteral, 100 UI/mL, Caja x vial(es) x 10 mL"
2317395,ocds-5wno2w-SIE-ISSFA-020-2023-2803,2023,7,open,Subasta Inversa Electrónica,PICHINCHA,QUITO,ISSFA,,8987.000000,,2023-10-24T13:12:12-05:00,SIE-ISSFA-020-2023-2803,INSULINA HUMANA ACCION RAPIDA LIQUIDO PARENTERAL 100 UI SOBRE ML
2378089,ocds-5wno2w-CE-20230002498699-99342,2023,9,direct,Catálogo electrónico - Compra directa,PICHINCHA,QUITO,CENTRO DE SALUD A AMAGUAÑA,OFTALVIS S.A.,1870.000000,1870,2023-09-29T00:00:00-05:00,Orden de compra CE-20230002498699,"Orden de compra para adquirir los siguientes productos:  Insulina glargina, Líquido parenteral, 100 UI/mL, Caja x cartucho(s) / pluma(s)"
2317392,ocds-5wno2w-SIE-ISSFA-017-2023-2803,2023,7,open,Subasta Inversa Electrónica,PICHINCHA,QUITO,ISSFA,,61774.070000,,2023-10-24T13:12:12-05:00,SIE-ISSFA-017-2023-2803,INSULINA HUMANA NPH ACCION INTERMEDIA LIQUIDO PARENTERAL 100 UI SOBRE ML VIAL POR 10ML
2345309,ocds-5wno2w-CE-20230002496968-224957,2023,9,direct,Catálogo electrónico - Compra directa,EL ORO,EL GUABO,HOSPITAL BASICO MARIA LORENA SERRANO,OFTALVIS S.A.,2318.800000,2318.8,2023-09-27T00:00:00-05:00,Orden de compra CE-20230002496968,"Orden de compra para adquirir los siguientes productos:  Insulina glargina, Líquido parenteral, 100 UI/mL, Caja x cartucho(s) / pluma(s)"
2344450,ocds-5wno2w-CE-20230002493762-3260,2023,9,direct,Catálogo electrónico - Compra directa,IMBABURA,IBARRA,HOSPITAL GENERAL IBARRA,OFTALVIS S.A.,88920.000000,88920,2023-09-22T00:00:00-05:00,Orden de compra CE-20230002493762,"Orden de compra para adquirir los siguientes productos:  Insulina glargina, Líquido parenteral, 100 UI/mL, Caja x vial(es) x 10 mL"
2362063,ocds-5wno2w-SIE-CCQAHDCL-2023-011-2708,2023,9,open,Subasta Inversa Electrónica,LOJA,LOJA,CENTRO CLINICO QUIRURGICO AMBULATORIO HOSPITAL DEL DIA CENTRAL LOJA,,0.000000,,2023-10-13T12:48:16-05:00,SIE-CCQAHDCL-2023-011-2708,ADQUISICIÓN DE INSULINA INTERMEDIA NPH 100 UI / ML LÍQUIDO PARENTERAL PARA EL CENTRO CLÍNICO QUIRÚRGICO AMBULATORIO HOSPITAL DEL DÍA CENTRAL LOJA
2317693,ocds-5wno2w-SIE-RE-09D19-26-2023-18608,2023,7,open,Subasta Inversa Electrónica,GUAYAS,DAULE,DIRECCION DISTRITAL 09D19 - DAULE - NOBOL - SANTA LUCIA - SALUD,,6980.000000,,2023-12-04T13:08:44-05:00,SIE-RE-09D19-26-2023-18608,"ADQUISICIÓN DE MEDICAMENTOS PERTENECIENTES AL GRUPO ANATÓMICO H: PREPARADOS HORMONALES SISTÉMICOS, EXCLUYE HORMONAS SEXUALES E INSULINAS PARA EL DISTRITO 09D19 DAULE-NOBOL-SANTA LUCÍA-SALUD"
2345309,ocds-5wno2w-CE-20230002496968-224957,2023,9,direct,Catálogo electrónico - Compra directa,EL ORO,EL GUABO,HOSPITAL BASICO MARIA LORENA SERRANO,OFTALVIS S.A.,2318.800000,2318.8,2023-09-27T00:00:00-05:00,Orden de compra CE-20230002496968,"Orden de compra para adquirir los siguientes productos:  Insulina glargina, Líquido parenteral, 100 UI/mL, Caja x cartucho(s) / pluma(s)"
2340610,ocds-5wno2w-SIE-HGSQ-2023-093-868544,2023,8,open,Subasta Inversa Electrónica,PICHINCHA,QUITO,Hospital General del Sur de Quito,,68664.800000,,2024-03-12T09:12:30-05:00,SIE-HGSQ-2023-093-868544,ADQUISICIÓN DE “INSULINA HUMANA NPH (ACCION INTERMEDIA) LIQUIDO PARENTERAL 100 UI/ML” PARA EL HOSPITAL GENERAL DEL SUR DE QUITO
2363288,ocds-5wno2w-SIE-IESS-CECP-2023-5-600753,2023,9,open,Subasta Inversa Electrónica,PICHINCHA,QUITO,CENTRO DE ESPECIALIDADES COMITE DEL PUEBLO,,70119.900000,,2024-06-25T21:01:44-05:00,SIE-IESS-CECP-2023-5-600753,ADQUISICIÓN DEL MEDICAMENTO INSULINA HUMANA NPH (ACCION INTERMEDIA) LIQUIDO PARENTERAL 100 UI/ML PARA LA FARMACIA DEL CENTRO DE ESPECIALIDADES COMITÉ DEL PUEBLO
2383583,ocds-5wno2w-CE-20230002501709-97105,2023,10,direct,Catálogo electrónico - Compra directa,CAÑAR,AZOGUES,CENTRO CLINICO QUIRURGICO AMBULATORIO HOSPITAL DEL DIA AZOGUES,OFTALVIS S.A.,1645.600000,1645.6,2023-10-05T00:00:00-05:00,Orden de compra CE-20230002501709,"Orden de compra para adquirir los siguientes productos:  Insulina glargina, Líquido parenteral, 100 UI/mL, Caja x cartucho(s) / pluma(s)"
2379475,ocds-5wno2w-CE-20230002499156-85165,2023,10,direct,Catálogo electrónico - Compra directa,SANTO DOMINGO DE LOS TSACHILAS,SANTO DOMINGO,CENTRO CLINICO QUIRURGICO AMBULATORIO HOSPITAL DEL DIA SANTO DOMINGO,OFTALVIS S.A.,44880.000000,44880,2023-10-02T00:00:00-05:00,Orden de compra CE-20230002499156,"Orden de compra para adquirir los siguientes productos:  Insulina glargina, Líquido parenteral, 100 UI/mL, Caja x cartucho(s) / pluma(s)"
2382697,ocds-5wno2w-SIE--2023-00055-49178,2023,10,open,Subasta Inversa Electrónica,PICHINCHA,QUITO,DIRECCION DISTRITAL 17D03,,0.000000,,2023-10-20T12:52:16-05:00,SIE--2023-00055-49178,ADQUISICION PARA EL ANO FISCAL 2023 DEL MEDICAMENTO INSULINA HUMANA NPH ACCION INTERMEDIA LIQUIDO PARENTERAL 100 UI ML CAJA POR VIALES POR 10 ML
2378089,ocds-5wno2w-CE-20230002498699-99342,2023,9,direct,Catálogo electrónico - Compra directa,PICHINCHA,QUITO,CENTRO DE SALUD A AMAGUAÑA,OFTALVIS S.A.,1870.000000,1870,2023-09-29T00:00:00-05:00,Orden de compra CE-20230002498699,"Orden de compra para adquirir los siguientes productos:  Insulina glargina, Líquido parenteral, 100 UI/mL, Caja x cartucho(s) / pluma(s)"
2384578,ocds-5wno2w-SIE-RE-HGL-013-2023-17082,2023,9,open,Subasta Inversa Electrónica,COTOPAXI,LATACUNGA,HOSPITAL GENERAL LATACUNGA,,17553.000000,,2024-01-24T00:03:11-05:00,SIE-RE-HGL-013-2023-17082,Adquisición de medicamentos insulina humana de acción rápida e intermedia líquido parenteral 100UI/mL caja x vial(es) x 10 mL para el Hospital General Latacunga.
2379475,ocds-5wno2w-CE-20230002499156-85165,2023,10,direct,Catálogo electrónico - Compra directa,SANTO DOMINGO DE LOS TSACHILAS,SANTO DOMINGO,CENTRO CLINICO QUIRURGICO AMBULATORIO HOSPITAL DEL DIA SANTO DOMINGO,OFTALVIS S.A.,44880.000000,44880,2023-10-02T00:00:00-05:00,Orden de compra CE-20230002499156,"Orden de compra para adquirir los siguientes productos:  Insulina glargina, Líquido parenteral, 100 UI/mL, Caja x cartucho(s) / pluma(s)"
2383871,ocds-5wno2w-CE-20230002502616-840348,2023,10,direct,Catálogo electrónico - Compra directa,ZAMORA CHINCHIPE,YANTZAZA (YANZATZA),HOSPITAL BASICO YANTZAZA,OFTALVIS S.A.,1944.800000,1944.8,2023-10-05T00:00:00-05:00,Orden de compra CE-20230002502616,"Orden de compra para adquirir los siguientes productos:  Insulina glargina, Líquido parenteral, 100 UI/mL, Caja x cartucho(s) / pluma(s)"
2386843,ocds-5wno2w-CE-20230002503865-8531,2023,10,direct,Catálogo electrónico - Compra directa,ESMERALDAS,ESMERALDAS,HOSPITAL GENERAL ESMERALDAS SUR-DELFINA TORRES DE CONCHA,OFTALVIS S.A.,8976.000000,8976,2023-10-10T00:00:00-05:00,Orden de compra CE-20230002503865,"Orden de compra para adquirir los siguientes productos:  Insulina glargina, Líquido parenteral, 100 UI/mL, Caja x cartucho(s) / pluma(s)"
2378490,ocds-5wno2w-SIE-IESS-CECP-2023-6-600753,2023,9,open,Subasta Inversa Electrónica,PICHINCHA,QUITO,CENTRO DE ESPECIALIDADES COMITE DEL PUEBLO,,0.000000,,2023-10-13T12:52:33-05:00,SIE-IESS-CECP-2023-6-600753,ADQUISICIÓN DEL MEDICAMENTO INSULINA HUMANA (ACCION RAPIDA) LIQUIDO PARENTERAL 100 UI/ML PARA LA FARMACIA DEL CENTRO DE ESPECIALIDADES COMITÉ DEL PUEBLO
2387190,ocds-5wno2w-CE-20230002505384-96550,2023,10,direct,Catálogo electrónico - Compra directa,PICHINCHA,CAYAMBE,CENTRO DE SALUD B- CAYAMBE,OFTALVIS S.A.,6240.000000,6240,2023-10-11T00:00:00-05:00,Orden de compra CE-20230002505384,"Orden de compra para adquirir los siguientes productos:  Insulina glargina, Líquido parenteral, 100 UI/mL, Caja x vial(es) x 10 mL"
2392464,ocds-5wno2w-SIE-HBMLS-2023-00020-224957,2023,10,open,Subasta Inversa Electrónica,EL ORO,EL GUABO,HOSPITAL BASICO MARIA LORENA SERRANO,,6144.000000,,2024-07-18T09:47:11-05:00,SIE-HBMLS-2023-00020-224957,LA ADQUISICIÓN DE INSULINA HUMANA NPH (ACCIÓN INTERMEDIA) LIQUIDO PARENTERAL 100UI/ML X 10ML PARA EL HOSPITAL BÁSICO MARÍA LORENA SERRANO
2379967,ocds-5wno2w-SIE-CMFIEDM-050-2023-748941,2023,9,open,Subasta Inversa Electrónica,PICHINCHA,QUITO,"CENTRO MEDICO FAMILIAR INTEGRAL Y ESPECIALIDADES, DIALISIS LA MARISCAL",,10073.400000,,2024-01-23T23:17:22-05:00,SIE-CMFIEDM-050-2023-748941,INSULINA HUMANA (ACCIÓN RÁPIDA) LÍQUIDO PARENTERAL 100 UI/ML CAJA X VIAL(ES) X 10 ML
2390730,ocds-5wno2w-SIE-17D06-2023-50-77149,2023,10,open,Subasta Inversa Electrónica,PICHINCHA,QUITO,DIRECCION DISTRITAL 17D06 CHILIBULO A LLOA SALUD,,51787.400000,,2024-09-05T13:17:03-05:00,SIE-17D06-2023-50-77149,"ADQUISICIÓN DEL MEDICAMENTO INSULINA HUMANA NPH (ACCION INTERMEDIA), LIQUIDO PARENTERAL DE 100UI/ML PARA LOS ESTABLECIMIENTOS DE SALUD PERTENECIENTES A LA DIRECCIÓN DISTRITAL 17D06 CHILIBULO A LLOA"
2412072,ocds-5wno2w-CE-20230002520176-442675,2023,11,direct,Catálogo electrónico - Compra directa,LOJA,LOJA,COORDINACION ZONAL 7-SALUD,OFTALVIS S.A.,2019.600000,2019.6,2023-11-07T00:00:00-05:00,Orden de compra CE-20230002520176,"Orden de compra para adquirir los siguientes productos:  Insulina glargina, Líquido parenteral, 100 UI/mL, Caja x cartucho(s) / pluma(s)"
2388681,ocds-5wno2w-SIE-CCQAHDS-2023-00029-51587,2023,10,open,Subasta Inversa Electrónica,PICHINCHA,RUMIÑAHUI,CENTRO CLINICO QUIRURGICO AMBULATORIO HOSPITAL DEL DIA SANGOLQUI,,27140.880000,,2024-10-19T14:52:01-05:00,SIE-CCQAHDS-2023-00029-51587,ADQUISICION DE INSULINA HUMANA NPH ACCION INTERMEDIA LIQUIDO  PARENTERAL 100 UI/ML PARA EL CENTRO CLINICO QUIRURGICO  AMBULATORIO HOSPITAL DEL DIA SANGOLQUI CCQAHDS
2390730,ocds-5wno2w-SIE-17D06-2023-50-77149,2023,10,open,Subasta Inversa Electrónica,PICHINCHA,QUITO,DIRECCION DISTRITAL 17D06 CHILIBULO A LLOA SALUD,,51787.400000,,2024-09-05T13:17:03-05:00,SIE-17D06-2023-50-77149,"ADQUISICIÓN DEL MEDICAMENTO INSULINA HUMANA NPH (ACCION INTERMEDIA), LIQUIDO PARENTERAL DE 100UI/ML PARA LOS ESTABLECIMIENTOS DE SALUD PERTENECIENTES A LA DIRECCIÓN DISTRITAL 17D06 CHILIBULO A LLOA"
2407852,ocds-5wno2w-SIE-HGM-2023-102-74622,2023,10,open,Subasta Inversa Electrónica,MANABI,MANTA,HOSPITAL GENERAL MANTA,,131566.430000,,2024-07-02T09:17:19-05:00,SIE-HGM-2023-102-74622,GRUPO DE INSULINAS HUMANAS LIQUIDO PARENTERAL
2405383,ocds-5wno2w-CE-20230002516485-80443,2023,10,direct,Catálogo electrónico - Compra directa,PICHINCHA,QUITO,CENTRO CLINICO QUIRURGICO AMBULATORIO HOSPITAL DEL DIA CHIMBACALLE,OFTALVIS S.A.,115939.200000,115939.2,2023-10-27T00:00:00-05:00,Orden de compra CE-20230002516485,"Orden de compra para adquirir los siguientes productos:  Insulina glargina, Líquido parenteral, 100 UI/mL, Caja x vial(es) x 10 mL"
2382967,ocds-5wno2w-SIE-HG-IB-2023-061-3260,2023,10,open,Subasta Inversa Electrónica,IMBABURA,IBARRA,HOSPITAL GENERAL IBARRA,,0.000000,,2023-10-25T13:02:01-05:00,SIE-HG-IB-2023-061-3260,"ADQUISICIÓN DE INSULINA HUMANA NPH (ACCION INTERMEDIA) LIQUIDO PARENTERAL 100 UI/ML, POR SUBASTA INVERSA INSTITUCIONAL, GRUPO A TRACTO ALIMENTARIO Y METABOLISMO-HG-IB."
2396221,ocds-5wno2w-CE-20230002510561-103495,2023,10,direct,Catálogo electrónico - Compra directa,MANABI,SUCRE,CENTRO DE SALUD C-MATERNO INFANTIL Y EMERGENCIA-BAHIA DE CARAQUEZ,OFTALVIS S.A.,18720.000000,18720,2023-10-19T00:00:00-05:00,Orden de compra CE-20230002510561,"Orden de compra para adquirir los siguientes productos:  Insulina glargina, Líquido parenteral, 100 UI/mL, Caja x vial(es) x 10 mL"
2398086,ocds-5wno2w-SIE-CZ8S-2023-014-413592,2023,10,open,Subasta Inversa Electrónica,GUAYAS,GUAYAQUIL,COORDINACIÓN ZONAL 8 - SALUD,,11310.000000,,2024-03-21T09:08:40-05:00,SIE-CZ8S-2023-014-413592,"ADQUISICIÓN DE MEDICAMENTOS - GRUPO H (PREPARACIONES HORMONALES SISTÉMICAS, EXCLUYE HORMONAS SEXUALES E INSULINAS) PARA LAS UNIDADES ADMINISTRADAS POR LA COORDINACIÓN ZONAL 8 - SALUD. (09D06-CERI-APH)"
2402267,ocds-5wno2w-CE-20230002514904-104101,2023,10,direct,Catálogo electrónico - Compra directa,CARCHI,MONTUFAR,CENTRO DE SALUD B - SAN GABRIEL,OFTALVIS S.A.,982.800000,982.8,2023-10-25T00:00:00-05:00,Orden de compra CE-20230002514904,"Orden de compra para adquirir los siguientes productos:  Insulina glargina, Líquido parenteral, 100 UI/mL, Caja x vial(es) x 10 mL"
2419314,ocds-5wno2w-CE-20230002386280-14393,2023,4,direct,Catálogo electrónico - Compra directa,CHIMBORAZO,RIOBAMBA,HOSPITAL PROVINCIAL GENERAL DOCENTE RIOBAMBA,OFTALVIS S.A.,70012.800000,70012.8,2023-04-12T00:00:00-05:00,Orden de compra CE-20230002386280,"Orden de compra para adquirir los siguientes productos:  Insulina glargina, Líquido parenteral, 100 UI/mL, Caja x cartucho(s) / pluma(s)"
2395159,ocds-5wno2w-SIE-CZ6S-2023-023-443199,2023,10,open,Subasta Inversa Electrónica,AZUAY,CUENCA,COORDINACION ZONAL 6 - SALUD,,0.000000,,2023-11-08T13:18:43-05:00,SIE-CZ6S-2023-023-443199,"INSULINA HUMANA NPH ACCIÓN INTERMEDIA LIQUIDO PARENTERAL 100 UIML, LIQUIDO PARENTERAL 100 UI ML CAJA X VIALES X 10 ML"
2408747,ocds-5wno2w-CE-20230002518711-122588,2023,10,direct,Catálogo electrónico - Compra directa,EL ORO,PASAJE,HOSPITAL SAN VICENTE DE PAUL,OFTALVIS S.A.,4562.800000,4562.8,2023-10-31T00:00:00-05:00,Orden de compra CE-20230002518711,"Orden de compra para adquirir los siguientes productos:  Insulina glargina, Líquido parenteral, 100 UI/mL, Caja x cartucho(s) / pluma(s)"
2412073,ocds-5wno2w-CE-20230002520177-442675,2023,11,direct,Catálogo electrónico - Compra directa,LOJA,LOJA,COORDINACION ZONAL 7-SALUD,OFTALVIS S.A.,5803.200000,5803.2,2023-11-07T00:00:00-05:00,Orden de compra CE-20230002520177,"Orden de compra para adquirir los siguientes productos:  Insulina glargina, Líquido parenteral, 100 UI/mL, Caja x vial(es) x 10 mL"
2402737,ocds-5wno2w-SIE-DD01D04S-2023-00035-125302,2023,10,open,Subasta Inversa Electrónica,AZUAY,GUALACEO,DIRECCION DISTRITAL 01D04 - CHORDELEG - GUALACEO - SALUD,,7768.250000,,2023-12-05T13:09:24-05:00,SIE-DD01D04S-2023-00035-125302,"ADQUISICION DE MEDICAMENTO INSULINA HUMANA NPH (ACCIÓN INTERMEDIA), LÍQUIDO PARENTERAL, 100UI/ML, PARA LA DIRECCION DISTRITAL 01D04 CHORDELEG GUALACEO"
2415153,ocds-5wno2w-SIE-IESSCEL-2023-023-165112,2023,11,open,Subasta Inversa Electrónica,GUAYAS,GUAYAQUIL,CENTRO DE ESPECIALIDADES -LETAMENDI,,26037.000000,,2024-02-08T07:06:41-05:00,SIE-IESSCEL-2023-023-165112,ADQUISICION DE FARMACOS NO CATALOGADOS GRUPO H PREPARACIONES HORMONALES SISTEMICAS EXCLUYE HORMONAS SEXUALES E INSULINAS CORRESPONDIENTE A LA PROGRAMACION DE MEDICAMENTOS 2023
2395159,ocds-5wno2w-SIE-CZ6S-2023-023-443199,2023,10,open,Subasta Inversa Electrónica,AZUAY,CUENCA,COORDINACION ZONAL 6 - SALUD,,0.000000,,2023-11-08T13:18:43-05:00,SIE-CZ6S-2023-023-443199,"INSULINA HUMANA NPH ACCIÓN INTERMEDIA LIQUIDO PARENTERAL 100 UIML, LIQUIDO PARENTERAL 100 UI ML CAJA X VIALES X 10 ML"
2415712,ocds-5wno2w-CE-20230002522417-110887,2023,11,direct,Catálogo electrónico - Compra directa,GUAYAS,GUAYAQUIL,CENTRO CLÍNICO QUIRÚRGICO AMBULATORIO (HOSPITAL DEL DÍA) EFREN JURADO LOPEZ,OFTALVIS S.A.,278704.800000,278704.8,2023-11-09T00:00:00-05:00,Orden de compra CE-20230002522417,"Orden de compra para adquirir los siguientes productos:  Insulina glargina, Líquido parenteral, 100 UI/mL, Caja x cartucho(s) / pluma(s)"
2418316,ocds-5wno2w-CE-20230002523830-2810,2023,11,direct,Catálogo electrónico - Compra directa,GUAYAS,GUAYAQUIL,HOSPITAL DE ESPECIALIDADES - TEODORO MALDONADO CARBO,OFTALVIS S.A.,277430.400000,277430.4,2023-11-13T00:00:00-05:00,Orden de compra CE-20230002523830,"Orden de compra para adquirir los siguientes productos:  Insulina glargina, Líquido parenteral, 100 UI/mL, Caja x vial(es) x 10 mL"
2419314,ocds-5wno2w-CE-20230002386280-14393,2023,4,direct,Catálogo electrónico - Compra directa,CHIMBORAZO,RIOBAMBA,HOSPITAL PROVINCIAL GENERAL DOCENTE RIOBAMBA,OFTALVIS S.A.,70012.800000,70012.8,2023-04-12T00:00:00-05:00,Orden de compra CE-20230002386280,"Orden de compra para adquirir los siguientes productos:  Insulina glargina, Líquido parenteral, 100 UI/mL, Caja x cartucho(s) / pluma(s)"
2416376,ocds-5wno2w-SIE-HBG-2023-043-81533,2023,11,open,Subasta Inversa Electrónica,BOLIVAR,GUARANDA,HOSPITAL BASICO GUARANDA,,12694.500000,,2024-01-23T23:46:37-05:00,SIE-HBG-2023-043-81533,ADQUISICIÓN_DE_INSULINA_RÁPIDA_E_INTERMEDIO_PARA_ABASTECER_AL_HOSPITAL_BÁSICO_GUARANDA
2420292,ocds-5wno2w-SIE-CZ6S-2023-026-443199,2023,11,open,Subasta Inversa Electrónica,AZUAY,CUENCA,COORDINACION ZONAL 6 - SALUD,,27316.250000,,2024-01-23T23:22:25-05:00,SIE-CZ6S-2023-026-443199,"ADQUISICIÓN DE INSULINA HUMANA (Acción Intermedia) LÍQUIDO PARENTERAL, 100 UI/mL PARA LA COORDINACIÓN ZONAL 6_2023"
2410567,ocds-5wno2w-SIE-IESS-HBCH--2023-020-89917,2023,11,open,Subasta Inversa Electrónica,MANABI,CHONE,IESS HOSPITAL DE CHONE,,146801.800000,,2023-12-19T13:57:42-05:00,SIE-IESS-HBCH--2023-020-89917,ADQUISICIÓN DE INSULINA HUMANA NPH (ACCION INTERMEDIA) LIQUIDO PARENTERAL 100 UI/ML X 10 ML PARA ABASTECIMIENTO DEL HOSPITAL BÁSICO CHONE
2419314,ocds-5wno2w-CE-20230002386280-14393,2023,4,direct,Catálogo electrónico - Compra directa,CHIMBORAZO,RIOBAMBA,HOSPITAL PROVINCIAL GENERAL DOCENTE RIOBAMBA,OFTALVIS S.A.,70012.800000,70012.8,2023-04-12T00:00:00-05:00,Orden de compra CE-20230002386280,"Orden de compra para adquirir los siguientes productos:  Insulina glargina, Líquido parenteral, 100 UI/mL, Caja x cartucho(s) / pluma(s)"
2395159,ocds-5wno2w-SIE-CZ6S-2023-023-443199,2023,10,open,Subasta Inversa Electrónica,AZUAY,CUENCA,COORDINACION ZONAL 6 - SALUD,,0.000000,,2023-11-08T13:18:43-05:00,SIE-CZ6S-2023-023-443199,"INSULINA HUMANA NPH ACCIÓN INTERMEDIA LIQUIDO PARENTERAL 100 UIML, LIQUIDO PARENTERAL 100 UI ML CAJA X VIALES X 10 ML"
2415712,ocds-5wno2w-CE-20230002522417-110887,2023,11,direct,Catálogo electrónico - Compra directa,GUAYAS,GUAYAQUIL,CENTRO CLÍNICO QUIRÚRGICO AMBULATORIO (HOSPITAL DEL DÍA) EFREN JURADO LOPEZ,OFTALVIS S.A.,278704.800000,278704.8,2023-11-09T00:00:00-05:00,Orden de compra CE-20230002522417,"Orden de compra para adquirir los siguientes productos:  Insulina glargina, Líquido parenteral, 100 UI/mL, Caja x cartucho(s) / pluma(s)"
2427460,ocds-5wno2w-SIE-DD14D01S-2023-00036-334440,2023,11,open,Subasta Inversa Electrónica,MORONA SANTIAGO,MORONA,DIRECCION DISTRITAL 14D01-MORONA-SALUD,,0.000000,,2023-12-04T13:08:32-05:00,SIE-DD14D01S-2023-00036-334440,ADQUISICIÓN MEDICAMENTOS GRUPO ANATÓMICO: TRACTO ALIMENTARIO Y METABÓLICO (INSULINA) PARA LA DIRECCION DISTRITAL 14D01 MORONA SALUD
2426922,ocds-5wno2w-CE-20230002529031-519694,2023,11,direct,Catálogo electrónico - Compra directa,SANTO DOMINGO DE LOS TSACHILAS,SANTO DOMINGO,HOSPITAL GENERAL IESS SANTO DOMINGO,OFTALVIS S.A.,55651.200000,55651.2,2023-11-21T00:00:00-05:00,Orden de compra CE-20230002529031,"Orden de compra para adquirir los siguientes productos:  Insulina glargina, Líquido parenteral, 100 UI/mL, Caja x cartucho(s) / pluma(s)"
2413368,ocds-5wno2w-SIE-HEJCA-2023-049-87497,2023,11,open,Subasta Inversa Electrónica,AZUAY,CUENCA,HOSPITAL DE ESPECIALIDADES JOSÉ CARRASCO ARTEAGA,,0.000000,,2023-11-23T13:10:51-05:00,SIE-HEJCA-2023-049-87497,ADQUISICION DE INSULINA HUMANA (ACCION RAPIDA) LIQUIDO PARENTERAL 100 UI/ML
2429019,ocds-5wno2w-SIE-13D11-2023-020-9676,2023,11,open,Subasta Inversa Electrónica,MANABI,SUCRE,DIRECCION DISTRITAL 13D11 - SAN VICENTE - SUCRE - SALUD,,7920.000000,,2024-06-25T20:59:18-05:00,SIE-13D11-2023-020-9676,"ADQUISICIÓN DE MEDICAMENTOS DEL GRUPO H (PREPARADOS HORMANALES SISTÉMICAS, EXCLUYE HORMONAS SEXUALES E INSULINAS) PARA LAS UNIDADES DEL DISTRITO 13D11 PEDERNALES JAMA SUCRE SAN VICENTE SALUD (PLURIANUAL)"
2431560,ocds-5wno2w-CE-20230002532558-80269,2023,11,direct,Catálogo electrónico - Compra directa,MANABI,JIPIJAPA,CENTRO CLINICO QUIRURGICO AMBULATORIO (HOSPITAL DEL DIA)-JIPIJAPA,OFTALVIS S.A.,4488.000000,4488,2023-11-24T00:00:00-05:00,Orden de compra CE-20230002532558,"Orden de compra para adquirir los siguientes productos:  Insulina glargina, Líquido parenteral, 100 UI/mL, Caja x cartucho(s) / pluma(s)"
2430557,ocds-5wno2w-SIE-CCQAHDCL-2023-018-2708,2023,11,open,Subasta Inversa Electrónica,LOJA,LOJA,CENTRO CLINICO QUIRURGICO AMBULATORIO HOSPITAL DEL DIA CENTRAL LOJA,LETERAGO DEL ECUADOR S.A,17722.070000,,2024-05-09T10:31:56-05:00,SIE-CCQAHDCL-2023-018-2708,ADQUISICIÓN DEL MEDICAMENTO INSULINA INTERMEDIA MPH 100 UI/ML LÍQUIDO PARENTERAL PARA EL CENTRO CLÍNICO QUIRÚRGICO AMBULATORIO HOSPITAL DEL DÍA CENTRAL LOJA
2429381,ocds-5wno2w-SIE-HIAL-2023-0131-8458,2023,11,,,LOJA,LOJA,HOSPITAL PROVINCIAL GENERAL ISIDRO AYORA,,,,2023-11-23T00:00:00-05:00,,
2317771,ocds-5wno2w-SIE-RE-CELL-013-2023-3283,2023,4,open,Subasta Inversa Electrónica,SANTA ELENA,LA LIBERTAD,CENTRO DE ESPECIALIDADES LA LIBERTAD,RONQUILLO MURRIETA FERNANDO EDUARDO,236800.500000,,2023-11-23T13:11:10-05:00,SIE-RE-CELL-013-2023-3283,"Adquirir medicamentos aprobados en el plan maestro 2023, logrando el 100por ciento de abastecimiento. Insulina humana NPH (acción intermedia) líquido parenteral 100 UI/ml frasco x 10 ml; e insulina humana (acción rápida) líquido parenteral 100 UI/ml frasco x 10 ml del Centro de Especialidades La Libertad."
2430016,ocds-5wno2w-CE-20230002531546-93666,2023,11,direct,Catálogo electrónico - Compra directa,CARCHI,TULCAN,HOSPITAL GENERALPROVINCIAL LUIS G DAVILA,OFTALVIS S.A.,2340.000000,2340,2023-11-23T00:00:00-05:00,Orden de compra CE-20230002531546,"Orden de compra para adquirir los siguientes productos:  Insulina glargina, Líquido parenteral, 100 UI/mL, Caja x vial(es) x 10 mL"
2430891,ocds-5wno2w-SIE-HGLA-2023-047-2812,2023,11,,,COTOPAXI,LATACUNGA,HOSPITAL GENERAL LATACUNGA,,,,2023-11-23T00:00:00-05:00,,
2431712,ocds-5wno2w-CE-20230002532948-54651,2023,11,direct,Catálogo electrónico - Compra directa,PICHINCHA,QUITO,HOSPITAL DE ESPECIALIDADES CARLOS ANDRADE MARIN,OFTALVIS S.A.,2692.800000,2692.8,2023-11-24T00:00:00-05:00,Orden de compra CE-20230002532948,"Orden de compra para adquirir los siguientes productos:  Insulina glargina, Líquido parenteral, 100 UI/mL, Caja x cartucho(s) / pluma(s)"
2431560,ocds-5wno2w-CE-20230002532558-80269,2023,11,direct,Catálogo electrónico - Compra directa,MANABI,JIPIJAPA,CENTRO CLINICO QUIRURGICO AMBULATORIO (HOSPITAL DEL DIA)-JIPIJAPA,OFTALVIS S.A.,4488.000000,4488,2023-11-24T00:00:00-05:00,Orden de compra CE-20230002532558,"Orden de compra para adquirir los siguientes productos:  Insulina glargina, Líquido parenteral, 100 UI/mL, Caja x cartucho(s) / pluma(s)"
2431561,ocds-5wno2w-CE-20230002532559-80269,2023,11,direct,Catálogo electrónico - Compra directa,MANABI,JIPIJAPA,CENTRO CLINICO QUIRURGICO AMBULATORIO (HOSPITAL DEL DIA)-JIPIJAPA,OFTALVIS S.A.,11700.000000,11700,2023-11-24T00:00:00-05:00,Orden de compra CE-20230002532559,"Orden de compra para adquirir los siguientes productos:  Insulina glargina, Líquido parenteral, 100 UI/mL, Caja x vial(es) x 10 mL"
2433101,ocds-5wno2w-CE-20230002533164-818925,2023,11,direct,Catálogo electrónico - Compra directa,GUAYAS,GUAYAQUIL,HOSPITAL GENERAL DEL NORTE DE GUAYAQUIL LOS CEIBOS,OFTALVIS S.A.,67688.400000,67688.4,2023-11-27T00:00:00-05:00,Orden de compra CE-20230002533164,"Orden de compra para adquirir los siguientes productos:  Insulina glargina, Líquido parenteral, 100 UI/mL, Caja x vial(es) x 10 mL"
2433102,ocds-5wno2w-CE-20230002533165-818925,2023,11,direct,Catálogo electrónico - Compra directa,GUAYAS,GUAYAQUIL,HOSPITAL GENERAL DEL NORTE DE GUAYAQUIL LOS CEIBOS,OFTALVIS S.A.,32926.960000,32926.96,2023-11-27T00:00:00-05:00,Orden de compra CE-20230002533165,"Orden de compra para adquirir los siguientes productos:  Insulina glargina, Líquido parenteral, 100 UI/mL, Caja x cartucho(s) / pluma(s)"
2433211,ocds-5wno2w-CE-20230002533597-8458,2023,11,direct,Catálogo electrónico - Compra directa,LOJA,LOJA,HOSPITAL PROVINCIAL GENERAL ISIDRO AYORA,OFTALVIS S.A.,3744.000000,3744,2023-11-27T00:00:00-05:00,Orden de compra CE-20230002533597,"Orden de compra para adquirir los siguientes productos:  Insulina glargina, Líquido parenteral, 100 UI/mL, Caja x vial(es) x 10 mL"
2434841,ocds-5wno2w-CE-20230002533916-8458,2023,11,direct,Catálogo electrónico - Compra directa,LOJA,LOJA,HOSPITAL PROVINCIAL GENERAL ISIDRO AYORA,OFTALVIS S.A.,2992.000000,2992,2023-11-28T00:00:00-05:00,Orden de compra CE-20230002533916,"Orden de compra para adquirir los siguientes productos:  Insulina glargina, Líquido parenteral, 100 UI/mL, Caja x cartucho(s) / pluma(s)"
2433101,ocds-5wno2w-CE-20230002533164-818925,2023,11,direct,Catálogo electrónico - Compra directa,GUAYAS,GUAYAQUIL,HOSPITAL GENERAL DEL NORTE DE GUAYAQUIL LOS CEIBOS,OFTALVIS S.A.,67688.400000,67688.4,2023-11-27T00:00:00-05:00,Orden de compra CE-20230002533164,"Orden de compra para adquirir los siguientes productos:  Insulina glargina, Líquido parenteral, 100 UI/mL, Caja x vial(es) x 10 mL"
2433102,ocds-5wno2w-CE-20230002533165-818925,2023,11,direct,Catálogo electrónico - Compra directa,GUAYAS,GUAYAQUIL,HOSPITAL GENERAL DEL NORTE DE GUAYAQUIL LOS CEIBOS,OFTALVIS S.A.,32926.960000,32926.96,2023-11-27T00:00:00-05:00,Orden de compra CE-20230002533165,"Orden de compra para adquirir los siguientes productos:  Insulina glargina, Líquido parenteral, 100 UI/mL, Caja x cartucho(s) / pluma(s)"
2400101,ocds-5wno2w-SIE-HGNDC-2023-0077-2703,2023,10,open,Subasta Inversa Electrónica,MANABI,CHONE,HOSPITAL GENERAL DR. NAPOLEON DÁVILA CÓRDOVA,,16499.700000,,2023-12-01T13:00:44-05:00,SIE-HGNDC-2023-0077-2703,"ADQUISICIÓN DE MEDICAMENTO NO CATALOGADO INSULINAHUMANA, SEGÚN DISPONIBILIDAD ECONOMICA PARA EL HOSPITALGENERAL DR. NAPOLEÓN DÁVILA CÓRDOVA"
2437640,ocds-5wno2w-SIE-HGMYM-2023-140-82169,2023,11,open,Subasta Inversa Electrónica,LOJA,LOJA,HOSPITAL GENERAL MANUEL YGNACIO MONTEROS,,45012.060000,,2024-11-11T15:36:48-05:00,SIE-HGMYM-2023-140-82169,ADQUISICION DEL MEDICAMENTO INSULINA HUMANA NPH ACCIÓN INTERMEDIA LÍQUIDO PARENTERAL 100UI SOBRE ML FRASCO X 10 ML PARA EL H.G.M.Y.M.
2446178,ocds-5wno2w-CE-20230002541124-1096812,2023,12,direct,Catálogo electrónico - Compra directa,GUAYAS,DURAN,HOSPITAL GENERAL DR. ENRIQUE ORTEGA MOREIRA,OFTALVIS S.A.,624.000000,624,2023-12-07T00:00:00-05:00,Orden de compra CE-20230002541124,"Orden de compra para adquirir los siguientes productos:  Insulina glargina, Líquido parenteral, 100 UI/mL, Caja x vial(es) x 10 mL"
2441035,ocds-5wno2w-CE-20230002405782-77933,2023,5,direct,Catálogo electrónico - Compra directa,AZUAY,CUENCA,CENTRO DE ESPECIALIDADES CENTRAL CUENCA,OFTALVIS S.A.,5250.960000,5250.96,2023-05-11T00:00:00-05:00,Orden de compra CE-20230002405782,"Orden de compra para adquirir los siguientes productos:  Insulina glargina, Líquido parenteral, 100 UI/mL, Caja x cartucho(s) / pluma(s)"
2443013,ocds-5wno2w-CE-20230002539075-479937,2023,12,direct,Catálogo electrónico - Compra directa,MANABI,PORTOVIEJO,COORDINACIÓN ZONAL 4-SALUD,OFTALVIS S.A.,31056.960000,31056.96,2023-12-05T00:00:00-05:00,Orden de compra CE-20230002539075,"Orden de compra para adquirir los siguientes productos:  Insulina glargina, Líquido parenteral, 100 UI/mL, Caja x cartucho(s) / pluma(s)"
2444512,ocds-5wno2w-CE-20230002539974-2708,2023,12,direct,Catálogo electrónico - Compra directa,LOJA,LOJA,CENTRO CLINICO QUIRURGICO AMBULATORIO HOSPITAL DEL DIA CENTRAL LOJA,OFTALVIS S.A.,3182.400000,3182.4,2023-12-06T00:00:00-05:00,Orden de compra CE-20230002539974,"Orden de compra para adquirir los siguientes productos:  Insulina glargina, Líquido parenteral, 100 UI/mL, Caja x vial(es) x 10 mL"
2444513,ocds-5wno2w-CE-20230002539975-2708,2023,12,direct,Catálogo electrónico - Compra directa,LOJA,LOJA,CENTRO CLINICO QUIRURGICO AMBULATORIO HOSPITAL DEL DIA CENTRAL LOJA,OFTALVIS S.A.,643.280000,643.28,2023-12-06T00:00:00-05:00,Orden de compra CE-20230002539975,"Orden de compra para adquirir los siguientes productos:  Insulina glargina, Líquido parenteral, 100 UI/mL, Caja x cartucho(s) / pluma(s)"
2444512,ocds-5wno2w-CE-20230002539974-2708,2023,12,direct,Catálogo electrónico - Compra directa,LOJA,LOJA,CENTRO CLINICO QUIRURGICO AMBULATORIO HOSPITAL DEL DIA CENTRAL LOJA,OFTALVIS S.A.,3182.400000,3182.4,2023-12-06T00:00:00-05:00,Orden de compra CE-20230002539974,"Orden de compra para adquirir los siguientes productos:  Insulina glargina, Líquido parenteral, 100 UI/mL, Caja x vial(es) x 10 mL"
2444513,ocds-5wno2w-CE-20230002539975-2708,2023,12,direct,Catálogo electrónico - Compra directa,LOJA,LOJA,CENTRO CLINICO QUIRURGICO AMBULATORIO HOSPITAL DEL DIA CENTRAL LOJA,OFTALVIS S.A.,643.280000,643.28,2023-12-06T00:00:00-05:00,Orden de compra CE-20230002539975,"Orden de compra para adquirir los siguientes productos:  Insulina glargina, Líquido parenteral, 100 UI/mL, Caja x cartucho(s) / pluma(s)"
2445474,ocds-5wno2w-SIE-IESS-HG-PO-2023-066-60531,2023,12,open,Subasta Inversa Electrónica,MANABI,PORTOVIEJO,HOSPITAL GENERAL - PORTOVIEJO,LETERAGO DEL ECUADOR S.A,153105.900000,,2024-12-03T15:56:53-05:00,SIE-IESS-HG-PO-2023-066-60531,ADQUISICIÓN DE INSULINA ACCION INTERMEDIA (NPH) LIQUIDO PARENTERAL 100UI/ML PARA EL HOSPITAL GENERAL PORTOVIEJO
2450547,ocds-5wno2w-SIE-HGLA-2023-056-2812,2023,12,,,COTOPAXI,LATACUNGA,HOSPITAL GENERAL LATACUNGA,,,,2023-12-11T00:00:00-05:00,,
2446166,ocds-5wno2w-CE-20230002541061-1096812,2023,12,direct,Catálogo electrónico - Compra directa,GUAYAS,DURAN,HOSPITAL GENERAL DR. ENRIQUE ORTEGA MOREIRA,OFTALVIS S.A.,374.000000,374,2023-12-07T00:00:00-05:00,Orden de compra CE-20230002541061,"Orden de compra para adquirir los siguientes productos:  Insulina glargina, Líquido parenteral, 100 UI/mL, Caja x cartucho(s) / pluma(s)"
2456080,ocds-5wno2w-SIE-MIMG-2023-094-44856,2023,12,,,GUAYAS,GUAYAQUIL,Municipalidad de Guayaquil,,,,2023-12-14T00:00:00-05:00,,
2451603,ocds-5wno2w-CE-20230002543449-74622,2023,12,direct,Catálogo electrónico - Compra directa,MANABI,MANTA,HOSPITAL GENERAL MANTA,OFTALVIS S.A.,156000.000000,156000,2023-12-12T00:00:00-05:00,Orden de compra CE-20230002543449,"Orden de compra para adquirir los siguientes productos:  Insulina glargina, Líquido parenteral, 100 UI/mL, Caja x vial(es) x 10 mL"
2456960,ocds-5wno2w-SIE-DDS08D05-2023-52-72127,2023,12,open,Subasta Inversa Electrónica,ESMERALDAS,SAN LORENZO,DIRECCION DISTRITAL DE SALUD NO. 08D05,,0.000000,,2024-01-23T23:25:56-05:00,SIE-DDS08D05-2023-52-72127,"ADQUISICIÓN PLURIANUAL DE MEDICAMENTOS DEL GRUPO TERAPÉUTICO H (PREPARACIONES HORMONALES SISTÉMICAS, EXCLUYE HORMONAS SEXUALES E INSULINAS) PARA EL DISTRITO 08D05 SAN LORENZO SALUD"
2457086,ocds-5wno2w-SIE-HEJCA-2023-139-87497,2023,12,,,AZUAY,CUENCA,HOSPITAL DE ESPECIALIDADES JOSÉ CARRASCO ARTEAGA,,,,2023-12-15T00:00:00-05:00,,
2437621,ocds-5wno2w-SIE-HGGS-2023-076-792270,2023,11,open,Subasta Inversa Electrónica,GUAYAS,GUAYAQUIL,HOSPITAL GENERAL GUASMO SUR,,0.000000,,2023-12-19T13:57:25-05:00,SIE-HGGS-2023-076-792270,ADQUISICIÓN DE MEDICAMENTOS INSULINAS PARA EL TRATAMIENTO DE LOS PACIENTES DEL HOSPITAL GENERAL GUASMO SUR - PLURIANUAL
2456960,ocds-5wno2w-SIE-DDS08D05-2023-52-72127,2023,12,open,Subasta Inversa Electrónica,ESMERALDAS,SAN LORENZO,DIRECCION DISTRITAL DE SALUD NO. 08D05,,0.000000,,2024-01-23T23:25:56-05:00,SIE-DDS08D05-2023-52-72127,"ADQUISICIÓN PLURIANUAL DE MEDICAMENTOS DEL GRUPO TERAPÉUTICO H (PREPARACIONES HORMONALES SISTÉMICAS, EXCLUYE HORMONAS SEXUALES E INSULINAS) PARA EL DISTRITO 08D05 SAN LORENZO SALUD"
2437621,ocds-5wno2w-SIE-HGGS-2023-076-792270,2023,11,open,Subasta Inversa Electrónica,GUAYAS,GUAYAQUIL,HOSPITAL GENERAL GUASMO SUR,,0.000000,,2023-12-19T13:57:25-05:00,SIE-HGGS-2023-076-792270,ADQUISICIÓN DE MEDICAMENTOS INSULINAS PARA EL TRATAMIENTO DE LOS PACIENTES DEL HOSPITAL GENERAL GUASMO SUR - PLURIANUAL
2483972,ocds-5wno2w-CE-20230002548347-62010,2023,12,direct,Catálogo electrónico - Compra directa,SANTO DOMINGO DE LOS TSACHILAS,SANTO DOMINGO,HOSPITAL DR. GUSTAVO DOMINGUEZ Z.,OFTALVIS S.A.,8976.000000,8976,2023-12-27T00:00:00-05:00,Orden de compra CE-20230002548347,"Orden de compra para adquirir los siguientes productos:  Insulina glargina, Líquido parenteral, 100 UI/mL, Caja x cartucho(s) / pluma(s)"
2483973,ocds-5wno2w-CE-20230002548349-62010,2023,12,direct,Catálogo electrónico - Compra directa,SANTO DOMINGO DE LOS TSACHILAS,SANTO DOMINGO,HOSPITAL DR. GUSTAVO DOMINGUEZ Z.,OFTALVIS S.A.,9360.000000,9360,2023-12-27T00:00:00-05:00,Orden de compra CE-20230002548349,"Orden de compra para adquirir los siguientes productos:  Insulina glargina, Líquido parenteral, 100 UI/mL, Caja x vial(es) x 10 mL"
2459483,ocds-5wno2w-SIE-HVCM-2023-268-12070,2023,12,,,AZUAY,CUENCA,HOSPITAL VICENTE CORRAL MOSCOSO,,,,2023-12-18T00:00:00-05:00,,
2484310,ocds-5wno2w-CE-20230002549123-18615,2023,12,direct,Catálogo electrónico - Compra directa,SUCUMBIOS,LAGO AGRIO,HOSPITAL GENERAL MARCO VINICIO IZA,OFTALVIS S.A.,5744.640000,5744.64,2023-12-29T00:00:00-05:00,Orden de compra CE-20230002549123,"Orden de compra para adquirir los siguientes productos:  Insulina glargina, Líquido parenteral, 100 UI/mL, Caja x cartucho(s) / pluma(s)"
2484527,ocds-5wno2w-CE-20230002549371-457506,2023,12,direct,Catálogo electrónico - Compra directa,NAPO,TENA,COORDINACION ZONAL 2-SALUD,OFTALVIS S.A.,2244.000000,2244,2023-12-31T00:00:00-05:00,Orden de compra CE-20230002549371,"Orden de compra para adquirir los siguientes productos:  Insulina glargina, Líquido parenteral, 100 UI/mL, Caja x cartucho(s) / pluma(s)"
2464671,ocds-5wno2w-CE-20230002547309-512934,2023,12,direct,Catálogo electrónico - Compra directa,SANTO DOMINGO DE LOS TSACHILAS,SANTO DOMINGO,HOSPITAL GENERAL SANTO DOMINGO,OFTALVIS S.A.,5616.000000,5616,2023-12-21T00:00:00-05:00,Orden de compra CE-20230002547309,"Orden de compra para adquirir los siguientes productos:  Insulina glargina, Líquido parenteral, 100 UI/mL, Caja x vial(es) x 10 mL"
2430521,ocds-5wno2w-SIE-13D05-2023-054-18771,2023,11,open,Subasta Inversa Electrónica,MANABI,EL CARMEN,DIRECCIÓN DISTRITAL 13D 05 - EL CARMEN - SALUD,,3405.000000,,2024-01-23T23:11:22-05:00,SIE-13D05-2023-054-18771,ADQUISICIÓN DE MEDICAMENTOS PERTENECIENTE AL GRUPO TERAPEUTICO H PREPARACIONES HORMONALES SISTEMICAS EXCLUYE HORMONAS SEXUALES E INSULINAS PARA ABASTECIMIENTO DE LA DIRECCION DISTRITAL 13D05 EL CARMEN SALUD
2454518,ocds-5wno2w-SIE-HTMC-2023-193-2810,2023,12,open,Subasta Inversa Electrónica,GUAYAS,GUAYAQUIL,HOSPITAL DE ESPECIALIDADES - TEODORO MALDONADO CARBO,,0.000000,,2024-01-23T23:58:12-05:00,SIE-HTMC-2023-193-2810,ADQUISICIÓN DE MEDICAMENTOS PLAN ANUAL DE CONTRATACION 2023 – INSULINA HUMANA NPH (ACCION INTERMEDIA) LIQUIDO PARENTAL 100UI/ML FRASCO X 10ML
2450592,ocds-5wno2w-SIE-HIAL-2023-0164-8458,2023,12,open,Subasta Inversa Electrónica,LOJA,LOJA,HOSPITAL PROVINCIAL GENERAL ISIDRO AYORA,LETERAGO DEL ECUADOR S.A,22588.380000,,2024-05-29T08:20:33-05:00,SIE-HIAL-2023-0164-8458,ADQUISICIÓN DE INSULINA HUMANA NPH (ACCIÓN INTERMEDIA) LÍQUIDO PARENTERAL 100Ul/ML CAJA X VIAL(ES) X 10 ML PARA ABASTECER AL HOSPITAL ISIDRO AYORA DE LOJA (PLURIANUAL).
